number,name,type1,type2,total,hp,attack,defense,sp_attack,sp_defense,speed,generation,legendary
1,Bulbasaur,Grass,Poison,318,45,23.8,18.0,65,65,20.5,1,False
2,Ivysaur,Grass,Poison,405,60,30.8,23.7,80,80,28.2,1,False
3,Venusaur,Grass,Poison,525,80,41.6,31.8,100,100,38.5,1,False
3,Mega Venusaur,Grass,Poison,625,80,51.4,48.2,122,120,38.5,1,False
3,Gigantamax Venusaur,Grass,Poison,525,80,41.6,31.8,100,100,38.5,1,False
4,Charmander,Fire,,309,39,25.4,15.5,60,50,30.8,1,False
5,Charmeleon,Fire,,405,58,31.9,21.6,80,65,38.5,1,False
6,Charizard,Fire,Flying,534,78,42.7,29.8,109,85,48.7,1,False
6,Mega Charizard X,Fire,Dragon,634,78,67.6,43.3,130,85,48.7,1,False
6,Mega Charizard Y,Fire,Flying,634,78,53.5,29.8,159,115,48.7,1,False
6,Gigantamax Charizard,Fire,Flying,534,78,42.7,29.8,109,85,48.7,1,False
7,Squirtle,Water,,314,44,23.2,24.5,50,64,19.5,1,False
8,Wartortle,Water,,405,59,31.4,30.6,65,80,27.2,1,False
9,Blastoise,Water,,530,79,42.2,38.8,85,105,37.4,1,False
9,Mega Blastoise,Water,,630,79,53.0,46.9,135,115,37.4,1,False
9,Gigantamax Blasoise,Blastoise,Water,530,79,42.2,38.8,85,105,37.4,1,False
10,Caterpie,Bug,,195,45,13.5,12.2,20,20,20.5,1,False
11,Metapod,Bug,,205,50,8.1,20.4,25,25,12.8,1,False
12,Butterfree,Bug,Flying,395,60,21.6,18.4,90,80,33.3,1,False
12,Gigantamax Butterfree,Bug,Flying,395,60,21.6,18.4,90,80,33.3,1,False
13,Weedle,Bug,Poison,195,40,16.2,10.2,20,20,23.1,1,False
14,Kakuna,Bug,Poison,205,45,10.8,18.4,25,25,15.4,1,False
15,Beedrill,Bug,Poison,395,65,45.9,14.3,45,80,35.9,1,False
15,Mega Beedrill,Bug,Poison,495,65,78.4,14.3,15,80,71.8,1,False
16,Pidgey,Normal,Flying,251,40,21.6,14.3,35,35,26.2,1,False
17,Pidgeotto,Normal,Flying,349,63,29.7,20.4,50,50,33.8,1,False
18,Pidgeot,Normal,Flying,479,83,40.5,28.6,70,70,49.2,1,False
18,Mega Pidgeot,Normal,Flying,579,83,40.5,30.6,135,80,59.5,1,False
19,Rattata,Normal,,253,30,27.6,12.2,25,35,34.4,1,False
19,Alolan Rattata,Dark,Normal,253,30,27.6,12.2,25,35,34.4,7,False
20,Raticate,Normal,,413,55,41.1,22.4,50,70,47.2,1,False
20,Alolan Raticate,Dark,Normal,413,75,35.7,26.5,40,80,36.9,7,False
21,Spearow,Normal,Flying,262,40,29.7,10.2,31,31,33.3,1,False
22,Fearow,Normal,Flying,442,65,45.9,24.5,61,61,48.7,1,False
23,Ekans,Poison,,288,35,29.7,15.9,40,54,25.6,1,False
24,Arbok,Poison,,438,60,43.2,26.1,65,79,38.5,1,False
25,Pikachu,Electric,,320,35,27.0,14.3,50,50,43.6,1,False
25,Gigantamax Pikachu,Electric,,320,35,27.0,14.3,50,50,43.6,1,False
26,Raichu,Electric,,485,60,45.9,20.4,90,80,53.8,1,False
26,Alolan Raichu,Electric,Psychic,485,60,43.2,18.4,95,85,53.8,7,False
27,Sandshrew,Ground,,300,50,37.8,32.7,20,30,17.9,1,False
27,Alolan Sandshrew,Ice,Steel,300,50,37.8,34.7,10,35,17.9,7,False
28,Sandslash,Ground,,450,75,51.4,42.9,45,55,30.8,1,False
28,Alolan Sandslash,Ice,Steel,450,75,51.4,46.9,25,65,30.8,7,False
29,Nidoran♀,Poison,,275,55,22.7,19.2,40,40,18.5,1,False
30,Nidorina,Poison,,365,70,30.8,25.3,55,55,26.2,1,False
31,Nidoqueen,Poison,Ground,505,90,47.0,33.5,75,85,36.4,1,False
32,Nidoran♂,Poison,,273,46,28.1,14.3,40,40,23.1,1,False
33,Nidorino,Poison,,365,61,36.2,21.2,55,55,30.8,1,False
34,Nidoking,Poison,Ground,505,81,52.4,29.4,85,75,41.0,1,False
35,Clefairy,Fairy,,323,70,21.6,17.6,60,65,15.4,1,False
36,Clefable,Fairy,,483,95,35.1,27.8,95,90,28.2,1,False
37,Vulpix,Fire,,299,38,19.5,14.3,50,65,30.8,1,False
37,Alolan Vulpix,Ice,,299,38,19.5,14.3,50,65,30.8,7,False
38,Ninetales,Fire,,505,73,38.4,28.6,81,100,48.7,1,False
38,Alolan Ninetales,Ice,Fairy,505,73,33.5,28.6,81,100,53.3,7,False
39,Jigglypuff,Normal,Fairy,270,115,21.6,6.1,45,25,7.7,1,False
40,Wigglytuff,Normal,Fairy,435,140,35.1,16.3,85,50,20.5,1,False
41,Zubat,Poison,Flying,245,40,21.6,12.2,30,40,25.6,1,False
42,Golbat,Poison,Flying,455,75,40.5,26.5,65,75,43.6,1,False
43,Oddish,Grass,Poison,320,45,24.3,20.4,75,65,12.8,1,False
44,Gloom,Grass,Poison,395,60,32.4,26.5,85,75,17.9,1,False
45,Vileplume,Grass,Poison,490,75,40.5,32.7,110,90,23.1,1,False
46,Paras,Bug,Grass,285,35,35.1,20.4,45,55,10.3,1,False
47,Parasect,Bug,Grass,405,60,48.6,30.6,60,80,12.8,1,False
48,Venonat,Bug,Poison,305,60,27.0,18.4,40,55,20.5,1,False
49,Venomoth,Bug,Poison,450,70,32.4,22.4,90,75,43.6,1,False
50,Diglett,Ground,,265,10,27.0,8.2,35,45,46.2,1,False
50,Alolan Diglett,Ground,Steel,265,10,27.0,10.2,35,45,43.6,7,False
51,Dugtrio,Ground,,405,35,40.5,18.4,50,70,59.0,1,False
51,Alolan Dugtrio,Ground,Steel,425,35,51.4,22.4,50,70,53.8,7,False
52,Meowth,Normal,,290,40,21.6,12.2,40,40,43.6,1,False
53,Gigantamax Meowth,Normal,,290,40,21.6,12.2,40,40,43.6,1,False
52,Alolan Meowth,Dark,,290,40,16.2,12.2,50,40,43.6,7,False
52,Galarian Meowth,Steel,,290,50,32.4,20.4,40,40,17.9,8,False
53,Persian,Normal,,440,65,35.1,22.4,65,65,56.4,1,False
53,Alolan Persian,Dark,,440,65,29.7,22.4,75,65,56.4,7,False
54,Psyduck,Water,,320,50,25.4,17.6,65,50,25.6,1,False
55,Golduck,Water,,500,80,41.6,29.8,95,80,41.0,1,False
56,Mankey,Fighting,,305,40,40.5,12.2,35,45,33.3,1,False
57,Primeape,Fighting,,455,65,54.1,22.4,60,70,46.2,1,False
58,Growlithe,Fire,,350,55,35.1,16.3,70,50,28.2,1,False
59,Arcanine,Fire,,555,90,56.8,30.6,100,80,46.2,1,False
60,Poliwag,Water,,300,40,24.3,14.3,40,40,43.6,1,False
61,Poliwhirl,Water,,385,65,32.4,24.5,50,50,43.6,1,False
62,Poliwrath,Water,Fighting,510,90,48.6,36.7,70,90,33.3,1,False
63,Abra,Psychic,,310,25,8.1,4.1,105,55,43.6,1,False
64,Kadabra,Psychic,,400,40,16.2,10.2,120,70,51.3,1,False
65,Alakazam,Psychic,,500,55,24.3,16.3,135,95,59.0,1,False
65,Mega Alakazam,Psychic,,590,55,24.3,24.5,175,95,74.4,1,False
66,Machop,Fighting,,305,70,40.5,18.4,35,35,15.4,1,False
67,Machoke,Fighting,,405,80,51.4,26.5,50,60,20.5,1,False
68,Machamp,Fighting,,505,90,67.6,30.6,65,85,25.6,1,False
68,Gigantamax Machamp,Fighting,,505,90,67.6,30.6,65,85,25.6,1,False
69,Bellsprout,Grass,Poison,300,50,37.8,12.2,70,30,17.9,1,False
70,Weepinbell,Grass,Poison,390,65,45.9,18.4,85,45,25.6,1,False
71,Victreebel,Grass,Poison,490,80,54.1,24.5,100,70,33.3,1,False
72,Tentacool,Water,Poison,335,40,18.9,12.2,50,100,33.3,1,False
73,Tentacruel,Water,Poison,515,80,35.1,24.5,80,120,48.7,1,False
74,Geodude,Rock,Ground,300,40,40.5,38.8,30,30,7.7,1,False
74,Alolan Geodude,Rock,Electric,300,40,40.5,38.8,30,30,7.7,7,False
75,Graveler,Rock,Ground,390,55,48.6,44.9,45,45,15.4,1,False
75,Alolan Graveler,Rock,Electric,390,55,48.6,44.9,45,45,15.4,7,False
76,Golem,Rock,Ground,495,80,62.2,51.0,55,65,20.5,1,False
76,Alolan Golem,Rock,Electric,495,80,62.2,51.0,55,65,20.5,7,False
77,Ponyta,Fire,,410,50,43.2,20.4,65,65,43.6,1,False
77,Galarian Ponyta,Psychic,Fairy,410,50,43.2,20.4,65,65,43.6,8,False
78,Rapidash,Fire,,500,65,51.4,26.5,80,80,51.3,1,False
78,Galarian Rapidash,Psychic,Fairy,500,65,51.4,26.5,80,80,51.3,8,False
79,Slowpoke,Water,Psychic,315,90,32.4,24.5,40,40,5.1,1,False
79,Galarian Slowpoke,Psychic,,315,90,32.4,24.5,40,40,5.1,8,False
80,Slowbro,Water,Psychic,490,95,37.8,42.9,100,80,12.8,1,False
80,Galarian Slowbro,Poison,Psychic,490,95,51.4,36.7,100,70,12.8,8,False
80,Mega Slowbro,Water,Psychic,590,95,37.8,71.4,130,80,12.8,1,False
81,Magnemite,Electric,Steel,325,25,16.2,26.5,95,55,20.5,1,False
82,Magneton,Electric,Steel,465,50,29.7,36.7,120,70,33.3,1,False
83,Farfetch'd,Normal,Flying,352,52,45.9,20.4,58,62,28.2,1,False
83,Galarian Farfetched,Fighting,,377,52,48.6,20.4,58,62,25.6,8,False
84,Doduo,Normal,Flying,310,35,43.2,16.3,35,35,35.9,1,False
85,Dodrio,Normal,Flying,460,60,56.8,26.5,60,60,48.7,1,False
86,Seel,Water,,325,65,21.6,20.4,45,70,20.5,1,False
87,Dewgong,Water,Ice,475,90,35.1,30.6,70,95,33.3,1,False
88,Grimer,Poison,,325,80,40.5,18.4,40,50,10.3,1,False
88,Alolan Grimer,Poison,Dark,325,80,40.5,18.4,40,50,10.3,7,False
89,Muk,Poison,,500,105,54.1,28.6,65,100,23.1,1,False
89,Alolan Muk,Poison,Dark,500,105,54.1,28.6,65,100,23.1,7,False
90,Shellder,Water,,305,30,32.4,38.8,45,25,17.9,1,False
91,Cloyster,Water,Ice,525,50,48.6,71.4,85,45,33.3,1,False
92,Gastly,Ghost,Poison,310,30,16.2,10.2,100,35,38.5,1,False
93,Haunter,Ghost,Poison,405,45,24.3,16.3,115,55,46.2,1,False
94,Gengar,Ghost,Poison,500,60,32.4,22.4,130,75,53.8,1,False
94,Mega Gengar,Ghost,Poison,600,60,32.4,30.6,170,95,64.1,1,False
94,Gigantamax Gengar,Ghost,Poison,500,60,32.4,22.4,130,75,53.8,1,False
95,Onix,Rock,Ground,385,35,21.6,63.3,30,45,33.3,1,False
96,Drowzee,Psychic,,328,60,23.2,16.3,43,90,19.0,1,False
97,Hypno,Psychic,,483,85,36.8,26.5,73,115,31.8,1,False
98,Krabby,Water,,325,30,54.1,34.7,25,25,23.1,1,False
99,Kingler,Water,,475,55,67.6,44.9,50,50,35.9,1,False
99,Gigantamax Kingler,Water,,475,55,67.6,44.9,50,50,35.9,1,False
100,Voltorb,Electric,,330,40,13.5,18.4,55,55,48.7,1,False
101,Electrode,Electric,,480,60,24.3,26.5,80,80,69.2,1,False
102,Exeggcute,Grass,Psychic,325,60,18.9,30.6,60,45,17.9,1,False
103,Exeggutor,Grass,Psychic,520,95,48.6,32.7,125,65,25.6,1,False
103,Alolan Exeggutor,Grass,Dragon,530,95,54.1,32.7,125,75,20.5,7,False
104,Cubone,Ground,,320,50,24.3,36.7,40,50,15.4,1,False
105,Marowak,Ground,,425,60,40.5,42.9,50,80,20.5,1,False
105,Alolan Marowak,Fire,Ghost,425,60,40.5,42.9,50,80,20.5,7,False
106,Hitmonlee,Fighting,,455,50,62.2,19.6,35,110,42.1,1,False
107,Hitmonchan,Fighting,,455,50,54.1,30.2,35,110,36.4,1,False
108,Lickitung,Normal,,385,90,27.0,28.6,60,75,12.8,1,False
109,Koffing,Poison,,340,40,32.4,36.7,60,45,15.4,1,False
110,Weezing,Poison,,490,65,45.9,46.9,85,70,28.2,1,False
110,Galarian Weezing,Poison,Fairy,490,65,45.9,46.9,85,70,28.2,8,False
111,Rhyhorn,Ground,Rock,345,80,43.2,36.7,30,30,10.3,1,False
112,Rhydon,Ground,Rock,485,105,67.6,46.9,45,45,17.9,1,False
113,Chansey,Normal,,450,250,0.0,0.0,35,105,23.1,1,False
114,Tangela,Grass,,435,65,27.0,44.9,100,40,28.2,1,False
115,Kangaskhan,Normal,,490,105,48.6,30.6,40,80,43.6,1,False
115,Mega Kangaskhan,Normal,,590,105,64.9,38.8,60,100,48.7,1,False
116,Horsea,Water,,295,30,18.9,26.5,70,25,28.2,1,False
117,Seadra,Water,,440,55,32.4,36.7,95,45,41.0,1,False
118,Goldeen,Water,,320,45,33.5,22.4,35,50,29.7,1,False
119,Seaking,Water,,450,80,47.0,24.5,65,80,32.3,1,False
120,Staryu,Water,,340,30,21.6,20.4,70,55,41.0,1,False
121,Starmie,Water,Psychic,520,60,37.8,32.7,100,85,56.4,1,False
122,Mr. Mime,Psychic,Fairy,460,40,21.6,24.5,100,120,43.6,1,False
122,Galarian Mr. Mime,Ice,Psychic,460,50,32.4,24.5,90,90,48.7,8,False
123,Scyther,Bug,Flying,500,70,56.8,30.6,55,80,51.3,1,False
124,Jynx,Ice,Psychic,455,65,24.3,12.2,115,95,46.2,1,False
125,Electabuzz,Electric,,490,65,42.2,21.2,95,85,51.3,1,False
126,Magmar,Fire,,495,65,48.6,21.2,100,85,45.1,1,False
127,Pinsir,Bug,,500,65,64.9,38.8,55,70,41.0,1,False
127,Mega Pinsir,Bug,Flying,600,65,81.1,46.9,65,90,51.3,1,False
128,Tauros,Normal,,490,75,51.4,36.7,40,70,53.8,1,False
129,Magikarp,Water,,200,20,2.7,20.4,15,20,38.5,1,False
130,Gyarados,Water,Flying,540,95,64.9,30.2,60,100,39.0,1,False
130,Mega Gyarados,Water,Dark,640,95,81.1,42.4,70,130,39.0,1,False
131,Lapras,Water,Ice,535,130,43.2,30.6,85,95,28.2,1,False
131,Gigantamax Lapras,Water,Ice,535,130,43.2,30.6,85,95,28.2,1,False
132,Ditto,Normal,,288,48,23.2,17.6,48,48,22.1,1,False
133,Eevee,Normal,,325,55,27.0,18.4,45,65,25.6,1,False
133,Gigantamax Eevee,Normal,,325,55,27.0,18.4,45,65,25.6,1,False
134,Vaporeon,Water,,525,130,32.4,22.4,110,95,30.8,1,False
135,Jolteon,Electric,,525,65,32.4,22.4,110,95,64.1,1,False
136,Flareon,Fire,,525,65,67.6,22.4,95,110,30.8,1,False
137,Porygon,Normal,,395,65,29.7,26.5,85,75,17.9,1,False
138,Omanyte,Rock,Water,355,35,18.9,38.8,90,55,15.4,1,False
139,Omastar,Rock,Water,495,70,29.7,49.0,115,70,25.6,1,False
140,Kabuto,Rock,Water,355,30,40.5,34.7,55,45,25.6,1,False
141,Kabutops,Rock,Water,495,60,59.5,40.8,65,70,38.5,1,False
142,Aerodactyl,Rock,Flying,515,80,54.1,24.5,60,75,64.1,1,False
142,Mega Aerodactyl,Rock,Flying,615,80,70.3,32.7,70,95,74.4,1,False
143,Snorlax,Normal,,540,160,56.8,24.5,65,110,12.8,1,False
143,Gigantamax Snorlax,Normal,,540,160,56.8,24.5,65,110,12.8,1,False
144,Articuno,Ice,Flying,580,90,43.2,38.8,95,125,41.0,1,True
144,Galarian Articuno,Psychic,Flying,580,90,43.2,32.7,125,100,46.2,8,True
145,Zapdos,Electric,Flying,580,90,45.9,32.7,125,90,48.7,1,True
145,Galarian Zapdos,Fighting,Flying,580,90,64.9,34.7,85,90,48.7,8,True
146,Moltres,Fire,Flying,580,90,51.4,34.7,125,85,43.6,1,True
146,Galarian Moltres,Dark,Flying,580,90,43.2,34.7,100,125,43.6,8,True
147,Dratini,Dragon,,300,41,31.9,16.3,50,50,23.1,1,False
148,Dragonair,Dragon,,420,61,42.7,24.5,70,70,33.3,1,False
149,Dragonite,Dragon,Flying,600,91,69.7,36.7,100,100,38.5,1,False
150,Mewtwo,Psychic,,680,106,56.8,34.7,154,90,64.1,1,True
150,Mega Mewtwo X,Psychic,Fighting,780,106,100.0,38.8,154,100,64.1,1,True
150,Mega Mewtwo Y,Psychic,,780,106,78.4,26.5,194,120,69.2,1,True
151,Mew,Psychic,,600,100,51.4,38.8,100,100,48.7,1,True
152,Chikorita,Grass,,318,45,23.8,24.5,49,65,20.5,2,False
153,Bayleef,Grass,,405,60,30.8,30.6,63,80,28.2,2,False
154,Meganium,Grass,,525,80,41.6,38.8,83,100,38.5,2,False
155,Cyndaquil,Fire,,309,39,25.4,15.5,60,50,30.8,2,False
156,Quilava,Fire,,405,58,31.9,21.6,80,65,38.5,2,False
157,Typhlosion,Fire,,534,78,42.7,29.8,109,85,48.7,2,False
158,Totodile,Water,,314,50,32.4,24.1,44,48,19.5,2,False
159,Croconaw,Water,,405,65,40.5,30.6,59,63,27.2,2,False
160,Feraligatr,Water,,530,85,54.1,38.8,79,83,37.4,2,False
161,Sentret,Normal,,215,35,22.2,11.8,35,45,7.7,2,False
162,Furret,Normal,,415,85,38.4,24.1,45,55,43.6,2,False
163,Hoothoot,Normal,Flying,262,60,13.5,10.2,36,56,23.1,2,False
164,Noctowl,Normal,Flying,442,100,24.3,18.4,76,96,33.3,2,False
165,Ledyba,Bug,Flying,265,40,8.1,10.2,40,80,25.6,2,False
166,Ledian,Bug,Flying,390,55,16.2,18.4,55,110,41.0,2,False
167,Spinarak,Bug,Poison,250,40,29.7,14.3,40,40,12.8,2,False
168,Ariados,Bug,Poison,390,70,45.9,26.5,60,60,17.9,2,False
169,Crobat,Poison,Flying,535,85,45.9,30.6,70,80,64.1,2,False
170,Chinchou,Water,Electric,330,75,17.8,13.5,56,56,31.8,2,False
171,Lanturn,Water,Electric,460,125,28.6,21.6,76,76,31.8,2,False
172,Pichu,Electric,,205,20,18.9,4.1,35,35,28.2,2,False
173,Cleffa,Fairy,,218,50,10.8,9.4,45,55,5.1,2,False
174,Igglybuff,Normal,Fairy,210,90,13.5,4.1,40,20,5.1,2,False
175,Togepi,Fairy,,245,35,8.1,24.5,40,65,7.7,2,False
176,Togetic,Fairy,Flying,405,55,18.9,32.7,80,105,17.9,2,False
177,Natu,Psychic,Flying,320,40,24.3,16.3,70,45,33.3,2,False
178,Xatu,Psychic,Flying,470,65,37.8,26.5,95,70,46.2,2,False
179,Mareep,Electric,,280,55,18.9,14.3,65,45,15.4,2,False
180,Flaaffy,Electric,,365,70,27.0,20.4,80,60,20.5,2,False
181,Ampharos,Electric,,510,90,37.8,32.7,115,90,25.6,2,False
181,Mega Ampharos,Electric,Dragon,610,90,48.6,40.8,165,110,20.5,2,False
182,Bellossom,Grass,,490,75,40.5,36.7,90,100,23.1,2,False
183,Marill,Water,Fairy,250,70,8.1,18.4,20,50,17.9,2,False
184,Azumarill,Water,Fairy,420,100,24.3,30.6,60,80,23.1,2,False
185,Sudowoodo,Rock,,410,70,51.4,44.9,30,65,12.8,2,False
186,Politoed,Water,,500,90,37.8,28.6,90,100,33.3,2,False
187,Hoppip,Grass,Flying,250,35,16.2,14.3,35,55,23.1,2,False
188,Skiploom,Grass,Flying,340,55,21.6,18.4,45,65,38.5,2,False
189,Jumpluff,Grass,Flying,460,75,27.0,26.5,55,95,53.8,2,False
190,Aipom,Normal,,360,55,35.1,20.4,40,55,41.0,2,False
191,Sunkern,Grass,,180,30,13.5,10.2,30,30,12.8,2,False
192,Sunflora,Grass,,425,75,37.8,20.4,105,85,12.8,2,False
193,Yanma,Bug,Flying,390,65,32.4,16.3,75,45,46.2,2,False
194,Wooper,Water,Ground,210,55,21.6,16.3,25,25,5.1,2,False
195,Quagsire,Water,Ground,430,95,43.2,32.7,65,65,15.4,2,False
196,Espeon,Psychic,,525,65,32.4,22.4,130,95,53.8,2,False
197,Umbreon,Dark,,525,95,32.4,42.9,60,130,30.8,2,False
198,Murkrow,Dark,Flying,405,60,43.2,15.1,85,42,44.1,2,False
199,Slowking,Water,Psychic,490,95,37.8,30.6,100,110,12.8,2,False
199,Galarian Slowking,Poison,Psychic,490,95,32.4,30.6,110,110,12.8,8,False
200,Misdreavus,Ghost,,435,60,29.7,22.4,85,85,41.0,2,False
201,Unown,Psychic,,336,48,36.2,17.6,72,48,22.1,2,False
202,Wobbuffet,Psychic,,405,190,15.1,21.6,33,58,14.4,2,False
203,Girafarig,Normal,Psychic,455,70,40.5,24.5,90,65,41.0,2,False
204,Pineco,Bug,,290,50,32.4,34.7,35,35,5.1,2,False
205,Forretress,Bug,Steel,465,75,45.9,55.1,60,60,17.9,2,False
206,Dunsparce,Normal,,415,100,35.1,26.5,65,65,20.5,2,False
207,Gligar,Ground,Flying,430,65,37.8,40.8,35,65,41.0,2,False
208,Steelix,Steel,Ground,510,75,43.2,79.6,55,65,12.8,2,False
208,Mega Steelix,Steel,Ground,610,75,64.9,91.8,55,95,12.8,2,False
209,Snubbull,Fairy,,300,60,40.5,18.4,40,40,12.8,2,False
210,Granbull,Fairy,,450,90,62.2,28.6,60,60,20.5,2,False
211,Qwilfish,Water,Poison,430,65,48.6,28.6,55,55,41.0,2,False
212,Scizor,Bug,Steel,500,70,67.6,38.8,55,80,30.8,2,False
212,Mega Scizor,Bug,Steel,600,70,78.4,55.1,65,100,35.9,2,False
213,Shuckle,Bug,Rock,505,20,2.7,91.8,10,230,0.0,2,False
214,Heracross,Bug,Fighting,500,80,64.9,28.6,40,95,41.0,2,False
214,Mega Heracross,Bug,Fighting,600,80,97.3,44.9,40,105,35.9,2,False
215,Sneasel,Dark,Ice,430,55,48.6,20.4,35,75,56.4,2,False
216,Teddiursa,Normal,,330,60,40.5,18.4,50,50,17.9,2,False
217,Ursaring,Normal,,500,90,67.6,28.6,75,75,25.6,2,False
218,Slugma,Fire,,250,40,18.9,14.3,70,40,7.7,2,False
219,Magcargo,Fire,Rock,410,50,24.3,46.9,80,80,12.8,2,False
220,Swinub,Ice,Ground,250,50,24.3,14.3,30,30,23.1,2,False
221,Piloswine,Ice,Ground,450,100,51.4,30.6,60,60,23.1,2,False
222,Corsola,Water,Rock,380,55,27.0,32.7,65,85,15.4,2,False
222,Galarian Corsola,Ghost,,380,60,27.0,38.8,65,100,12.8,8,False
223,Remoraid,Water,,300,35,32.4,12.2,65,35,30.8,2,False
224,Octillery,Water,,480,75,54.1,28.6,105,75,20.5,2,False
225,Delibird,Ice,Flying,330,45,27.0,16.3,65,45,35.9,2,False
226,Mantine,Water,Flying,465,65,18.9,26.5,80,140,33.3,2,False
227,Skarmory,Steel,Flying,465,65,40.5,55.1,40,70,33.3,2,False
228,Houndour,Dark,Fire,330,45,29.7,10.2,80,50,30.8,2,False
229,Houndoom,Dark,Fire,500,75,45.9,18.4,110,80,46.2,2,False
229,Mega Houndoom,Dark,Fire,600,75,45.9,34.7,140,90,56.4,2,False
230,Kingdra,Water,Dragon,540,75,48.6,36.7,95,95,41.0,2,False
231,Phanpy,Ground,,330,90,29.7,22.4,40,40,17.9,2,False
232,Donphan,Ground,,500,90,62.2,46.9,60,60,23.1,2,False
233,Porygon2,Normal,,515,85,40.5,34.7,105,95,28.2,2,False
234,Stantler,Normal,,465,73,48.6,23.3,85,65,41.0,2,False
235,Smeargle,Normal,,250,55,8.1,12.2,20,45,35.9,2,False
236,Tyrogue,Fighting,,210,35,16.2,12.2,35,35,15.4,2,False
237,Hitmontop,Fighting,,455,50,48.6,36.7,35,110,33.3,2,False
238,Smoochum,Ice,Psychic,305,45,13.5,4.1,85,65,30.8,2,False
239,Elekid,Electric,,360,45,31.4,13.1,65,55,46.2,2,False
240,Magby,Fire,,365,45,37.8,13.1,70,55,40.0,2,False
241,Miltank,Normal,,490,95,40.5,40.8,40,70,48.7,2,False
242,Blissey,Normal,,540,255,2.7,2.0,75,135,25.6,2,False
243,Raikou,Electric,,580,90,43.2,28.6,115,100,56.4,2,True
244,Entei,Fire,,580,115,59.5,32.7,90,75,48.7,2,True
245,Suicune,Water,,580,100,37.8,44.9,90,115,41.0,2,True
246,Larvitar,Rock,Ground,300,50,31.9,18.4,45,50,18.5,2,False
247,Pupitar,Rock,Ground,410,70,42.7,26.5,65,70,23.6,2,False
248,Tyranitar,Rock,Dark,600,100,69.7,42.9,95,100,28.7,2,False
248,Mega Tyranitar,Rock,Dark,700,100,85.9,59.2,95,120,33.8,2,False
249,Lugia,Psychic,Flying,680,106,45.9,51.0,90,154,53.8,2,True
250,Ho-oh,Fire,Flying,680,106,67.6,34.7,110,154,43.6,2,True
251,Celebi,Psychic,Grass,600,100,51.4,38.8,100,100,48.7,2,True
252,Treecko,Grass,,310,40,21.6,12.2,65,55,33.3,3,False
253,Grovyle,Grass,,405,50,32.4,16.3,85,65,46.2,3,False
254,Sceptile,Grass,,530,70,43.2,24.5,105,85,59.0,3,False
254,Mega Sceptile,Grass,Dragon,630,70,56.8,28.6,145,85,71.8,3,False
255,Torchic,Fire,,310,45,29.7,14.3,70,50,20.5,3,False
256,Combusken,Fire,Fighting,405,60,43.2,22.4,85,60,25.6,3,False
257,Blaziken,Fire,Fighting,530,80,62.2,26.5,110,70,38.5,3,False
257,Mega Blaziken,Fire,Fighting,630,80,83.8,30.6,130,80,48.7,3,False
258,Mudkip,Water,,310,50,35.1,18.4,50,50,17.9,3,False
259,Marshtomp,Water,Ground,405,70,43.2,26.5,60,70,23.1,3,False
260,Swampert,Water,Ground,535,100,56.8,34.7,85,90,28.2,3,False
260,Mega Swampert,Water,Ground,635,100,78.4,42.9,95,110,33.3,3,False
261,Poochyena,Dark,,220,35,27.0,12.2,30,30,15.4,3,False
262,Mightyena,Dark,,420,70,45.9,26.5,60,60,33.3,3,False
263,Zigzagoon,Normal,,240,38,13.5,14.7,30,41,28.2,3,False
263,Galarian Zigzagoon,Dark,Normal,240,38,13.5,14.7,30,41,28.2,8,False
264,Linoone,Normal,,420,78,35.1,22.9,50,61,48.7,3,False
264,Galarian Linoone,Dark,Normal,420,78,35.1,22.9,50,61,48.7,8,False
265,Wurmple,Bug,,195,45,21.6,12.2,20,30,7.7,3,False
266,Silcoon,Bug,,205,50,16.2,20.4,25,25,5.1,3,False
267,Beautifly,Bug,Flying,395,60,35.1,18.4,100,50,30.8,3,False
268,Cascoon,Bug,,205,50,16.2,20.4,25,25,5.1,3,False
269,Dustox,Bug,Poison,385,60,24.3,26.5,50,90,30.8,3,False
270,Lotad,Water,Grass,220,40,13.5,10.2,40,50,12.8,3,False
271,Lombre,Water,Grass,340,60,24.3,18.4,60,70,23.1,3,False
272,Ludicolo,Water,Grass,480,80,35.1,26.5,90,100,33.3,3,False
273,Seedot,Grass,,220,40,18.9,18.4,30,30,12.8,3,False
274,Nuzleaf,Grass,Dark,340,70,35.1,14.3,60,40,28.2,3,False
275,Shiftry,Grass,Dark,480,90,51.4,22.4,90,60,38.5,3,False
276,Taillow,Normal,Flying,270,40,27.0,10.2,30,30,41.0,3,False
277,Swellow,Normal,Flying,430,60,43.2,22.4,50,50,61.5,3,False
278,Wingull,Water,Flying,270,40,13.5,10.2,55,30,41.0,3,False
279,Pelipper,Water,Flying,430,60,24.3,38.8,85,70,30.8,3,False
280,Ralts,Psychic,Fairy,198,28,10.8,8.2,45,35,17.9,3,False
281,Kirlia,Psychic,Fairy,278,38,16.2,12.2,65,55,23.1,3,False
282,Gardevoir,Psychic,Fairy,518,68,32.4,24.5,125,115,38.5,3,False
282,Mega Gardevoir,Psychic,Fairy,618,68,43.2,24.5,165,135,48.7,3,False
283,Surskit,Bug,Water,269,40,13.5,11.0,50,52,30.8,3,False
284,Masquerain,Bug,Flying,414,70,29.7,23.3,80,82,28.2,3,False
285,Shroomish,Grass,,295,60,18.9,22.4,40,60,15.4,3,False
286,Breloom,Grass,Fighting,460,60,67.6,30.6,60,60,33.3,3,False
287,Slakoth,Normal,,280,60,29.7,22.4,35,35,12.8,3,False
288,Vigoroth,Normal,,440,80,40.5,30.6,55,55,43.6,3,False
289,Slaking,Normal,,670,150,83.8,38.8,95,65,48.7,3,False
290,Nincada,Bug,Ground,266,31,21.6,34.7,30,30,17.9,3,False
291,Ninjask,Bug,Flying,456,61,45.9,16.3,50,50,79.5,3,False
292,Shedinja,Bug,Ghost,236,1,45.9,16.3,30,30,17.9,3,False
293,Whismur,Normal,,240,64,24.9,7.3,51,23,11.8,3,False
294,Loudred,Normal,,360,84,35.7,15.5,71,43,22.1,3,False
295,Exploud,Normal,,490,104,46.5,23.7,91,73,32.3,3,False
296,Makuhita,Fighting,,237,72,29.7,10.2,20,30,10.3,3,False
297,Hariyama,Fighting,,474,144,62.2,22.4,40,60,23.1,3,False
298,Azurill,Normal,Fairy,190,50,8.1,14.3,20,40,7.7,3,False
299,Nosepass,Rock,,375,30,21.6,53.1,45,90,12.8,3,False
300,Skitty,Normal,,260,50,21.6,16.3,35,35,23.1,3,False
301,Delcatty,Normal,,380,70,32.4,24.5,55,55,33.3,3,False
302,Sableye,Dark,Ghost,380,50,37.8,28.6,65,65,23.1,3,False
302,Mega Sableye,Dark,Ghost,480,50,43.2,49.0,85,115,7.7,3,False
303,Mawile,Steel,Fairy,380,50,43.2,32.7,55,55,23.1,3,False
303,Mega Mawile,Steel,Fairy,480,50,54.1,49.0,55,95,23.1,3,False
304,Aron,Steel,Rock,330,50,35.1,38.8,40,40,12.8,3,False
305,Lairon,Steel,Rock,430,60,45.9,55.1,50,50,17.9,3,False
306,Aggron,Steel,Rock,530,70,56.8,71.4,60,60,23.1,3,False
306,Mega Aggron,Steel,,630,70,73.0,91.8,60,80,23.1,3,False
307,Meditite,Fighting,Psychic,280,30,18.9,20.4,40,55,28.2,3,False
308,Medicham,Fighting,Psychic,410,60,29.7,28.6,60,75,38.5,3,False
308,Mega Medicham,Fighting,Psychic,510,60,51.4,32.7,80,85,48.7,3,False
309,Electrike,Electric,,295,40,21.6,14.3,65,40,30.8,3,False
310,Manectric,Electric,,475,70,37.8,22.4,105,60,51.3,3,False
310,Mega Manectric,Electric,,575,70,37.8,30.6,135,80,66.7,3,False
311,Plusle,Electric,,405,60,24.3,14.3,85,75,46.2,3,False
312,Minun,Electric,,405,60,18.9,18.4,75,85,46.2,3,False
313,Volbeat,Bug,,400,65,36.8,20.4,47,75,41.0,3,False
314,Illumise,Bug,,400,65,22.7,20.4,73,75,41.0,3,False
315,Roselia,Grass,Poison,400,50,29.7,16.3,100,80,30.8,3,False
316,Gulpin,Poison,,302,70,20.5,19.6,43,53,17.9,3,False
317,Swalot,Poison,,467,100,36.8,31.8,73,83,25.6,3,False
318,Carvanha,Water,Dark,305,45,45.9,6.1,65,20,30.8,3,False
319,Sharpedo,Water,Dark,460,70,62.2,14.3,95,40,46.2,3,False
319,Mega Sharpedo,Water,Dark,560,70,73.0,26.5,110,65,51.3,3,False
320,Wailmer,Water,,400,130,35.1,12.2,70,35,28.2,3,False
321,Wailord,Water,,500,170,45.9,16.3,90,45,28.2,3,False
322,Numel,Fire,Ground,305,60,29.7,14.3,65,45,15.4,3,False
323,Camerupt,Fire,Ground,460,70,51.4,26.5,105,75,17.9,3,False
323,Mega Camerupt,Fire,Ground,560,70,62.2,38.8,145,105,7.7,3,False
324,Torkoal,Fire,,470,70,43.2,55.1,85,70,7.7,3,False
325,Spoink,Psychic,,330,60,10.8,12.2,70,80,28.2,3,False
326,Grumpig,Psychic,,470,80,21.6,24.5,90,110,38.5,3,False
327,Spinda,Normal,,360,60,29.7,22.4,60,60,28.2,3,False
328,Trapinch,Ground,,290,45,51.4,16.3,45,45,2.6,3,False
329,Vibrava,Ground,Dragon,340,50,35.1,18.4,50,50,33.3,3,False
330,Flygon,Ground,Dragon,520,80,51.4,30.6,80,80,48.7,3,False
331,Cacnea,Grass,,335,50,43.2,14.3,85,40,15.4,3,False
332,Cacturne,Grass,Dark,475,70,59.5,22.4,115,60,25.6,3,False
333,Swablu,Normal,Flying,310,45,18.9,22.4,40,75,23.1,3,False
334,Altaria,Dragon,Flying,490,75,35.1,34.7,70,105,38.5,3,False
334,Mega Altaria,Dragon,Fairy,590,75,56.8,42.9,110,105,38.5,3,False
335,Zangoose,Normal,,458,73,59.5,22.4,60,60,43.6,3,False
336,Seviper,Poison,,458,73,51.4,22.4,100,60,30.8,3,False
337,Lunatone,Rock,Psychic,440,70,27.0,24.5,95,85,33.3,3,False
338,Solrock,Rock,Psychic,440,70,48.6,32.7,55,65,33.3,3,False
339,Barboach,Water,Ground,288,50,23.2,15.5,46,41,28.2,3,False
340,Whiscash,Water,Ground,468,110,39.5,27.8,76,71,28.2,3,False
341,Corphish,Water,,308,43,40.5,24.5,50,35,15.4,3,False
342,Crawdaunt,Water,Dark,468,63,62.2,32.7,90,55,25.6,3,False
343,Baltoy,Ground,Psychic,300,40,18.9,20.4,40,70,25.6,3,False
344,Claydol,Ground,Psychic,500,60,35.1,40.8,70,120,35.9,3,False
345,Lileep,Rock,Grass,355,66,19.5,29.4,61,87,9.2,3,False
346,Cradily,Rock,Grass,495,86,41.1,37.6,81,107,19.5,3,False
347,Anorith,Rock,Bug,355,45,48.6,18.4,40,50,35.9,3,False
348,Armaldo,Rock,Bug,495,75,64.9,38.8,70,80,20.5,3,False
349,Feebas,Water,,200,20,5.4,6.1,10,55,38.5,3,False
350,Milotic,Water,,540,95,29.7,30.2,100,125,39.0,3,False
351,Castform,Normal,,420,70,35.1,26.5,70,70,33.3,3,False
352,Kecleon,Normal,,440,60,45.9,26.5,60,120,17.9,3,False
353,Shuppet,Ghost,,295,44,37.8,12.2,63,33,20.5,3,False
354,Banette,Ghost,,455,64,59.5,24.5,83,63,30.8,3,False
354,Mega Banette,Ghost,,555,64,86.5,28.6,93,83,35.9,3,False
355,Duskull,Ghost,,295,20,18.9,34.7,30,90,10.3,3,False
356,Dusclops,Ghost,,455,40,35.1,51.0,60,130,10.3,3,False
357,Tropius,Grass,Flying,460,99,34.1,31.8,72,87,23.6,3,False
358,Chimecho,Psychic,,425,65,24.3,26.5,95,80,30.8,3,False
359,Absol,Dark,,465,65,67.6,22.4,75,60,35.9,3,False
359,Mega Absol,Dark,,565,65,78.4,22.4,115,60,56.4,3,False
360,Wynaut,Psychic,,260,95,9.7,17.6,23,48,9.2,3,False
361,Snorunt,Ice,,300,50,24.3,18.4,50,50,23.1,3,False
362,Glalie,Ice,,480,80,40.5,30.6,80,80,38.5,3,False
362,Mega Glalie,Ice,,580,80,62.2,30.6,120,80,48.7,3,False
363,Spheal,Ice,Water,290,70,18.9,18.4,55,50,10.3,3,False
364,Sealeo,Ice,Water,410,90,29.7,26.5,75,70,20.5,3,False
365,Walrein,Ice,Water,530,110,40.5,34.7,95,90,30.8,3,False
366,Clamperl,Water,,345,35,31.9,32.7,74,55,13.8,3,False
367,Huntail,Water,,485,55,53.5,40.8,94,75,24.1,3,False
368,Gorebyss,Water,,485,55,42.7,40.8,114,75,24.1,3,False
369,Relicanth,Water,Rock,485,100,45.9,51.0,45,65,25.6,3,False
370,Luvdisc,Water,,330,43,13.5,20.4,40,65,47.2,3,False
371,Bagon,Dragon,,300,45,37.8,22.4,40,30,23.1,3,False
372,Shelgon,Dragon,,420,65,48.6,38.8,60,50,23.1,3,False
373,Salamence,Dragon,Flying,600,95,70.3,30.6,110,80,48.7,3,False
373,Mega Salamence,Dragon,Flying,700,95,75.7,51.0,120,90,59.0,3,False
374,Beldum,Steel,Psychic,300,40,27.0,30.6,35,60,12.8,3,False
375,Metang,Steel,Psychic,420,60,37.8,38.8,55,80,23.1,3,False
376,Metagross,Steel,Psychic,600,80,70.3,51.0,95,90,33.3,3,False
376,Mega Metagross,Steel,Psychic,700,80,75.7,59.2,105,110,53.8,3,False
377,Regirock,Rock,,580,80,51.4,79.6,50,100,23.1,3,True
378,Regice,Ice,,580,80,24.3,38.8,100,200,23.1,3,True
379,Registeel,Steel,,580,80,37.8,59.2,75,150,23.1,3,True
380,Latias,Dragon,Psychic,600,80,40.5,34.7,110,130,53.8,3,True
380,Mega Latias,Dragon,Psychic,700,80,51.4,46.9,140,150,53.8,3,True
381,Latios,Dragon,Psychic,600,80,45.9,30.6,130,110,53.8,3,True
381,Mega Latios,Dragon,Psychic,700,80,67.6,38.8,160,120,53.8,3,True
382,Kyogre,Water,,670,100,51.4,34.7,150,140,43.6,3,True
382,Primal Kyogre,Water,,770,100,78.4,34.7,180,160,43.6,3,True
383,Groudon,Ground,,670,100,78.4,55.1,100,90,43.6,3,True
383,Primal Groudon,Ground,Fire,770,100,94.6,63.3,150,90,43.6,3,True
384,Rayquaza,Dragon,Flying,680,105,78.4,34.7,150,90,46.2,3,True
384,Mega Rayquaza,Dragon,Flying,780,105,94.6,38.8,180,100,56.4,3,True
385,Jirachi,Steel,Psychic,600,100,51.4,38.8,100,100,48.7,3,True
386,Deoxys Normal Forme,Psychic,,600,50,78.4,18.4,150,50,74.4,3,True
386,Deoxys Attack Forme,Psychic,,600,50,94.6,6.1,180,20,74.4,3,True
386,Deoxys Defense Forme,Psychic,,600,50,35.1,63.3,70,160,43.6,3,True
386,Deoxys Speed Forme,Psychic,,600,50,48.6,34.7,95,90,89.7,3,True
387,Turtwig,Grass,,318,55,34.1,24.1,45,55,13.3,4,False
388,Grotle,Grass,,405,75,45.4,32.7,55,65,15.9,4,False
389,Torterra,Grass,Ground,525,95,56.2,40.8,75,85,26.2,4,False
390,Chimchar,Fire,,309,44,28.6,15.9,58,44,28.7,4,False
391,Monferno,Fire,Fighting,405,64,39.5,19.2,78,52,39.0,4,False
392,Infernape,Fire,Fighting,534,76,53.5,26.9,104,71,52.8,4,False
393,Piplup,Water,,314,53,24.9,19.6,61,56,17.9,4,False
394,Prinplup,Water,,405,64,33.0,25.7,81,76,23.1,4,False
395,Empoleon,Water,Steel,530,84,43.8,33.9,111,101,28.2,4,False
396,Starly,Normal,Flying,245,40,27.0,10.2,30,30,28.2,4,False
397,Staravia,Normal,Flying,340,55,37.8,18.4,40,40,38.5,4,False
398,Staraptor,Normal,Flying,485,85,62.2,26.5,50,60,48.7,4,False
399,Bidoof,Normal,,250,59,21.6,14.3,35,40,13.3,4,False
400,Bibarel,Normal,Water,410,79,43.2,22.4,55,60,33.8,4,False
401,Kricketot,Bug,,194,37,10.8,14.7,25,41,10.3,4,False
402,Kricketune,Bug,,384,77,43.2,18.8,55,51,30.8,4,False
403,Shinx,Electric,,263,45,32.4,11.8,40,34,20.5,4,False
404,Luxio,Electric,,363,60,43.2,18.0,60,49,28.2,4,False
405,Luxray,Electric,,523,80,62.2,30.2,95,79,33.3,4,False
406,Budew,Grass,Poison,280,40,13.5,12.2,50,70,25.6,4,False
407,Roserade,Grass,Poison,515,60,35.1,24.5,125,105,43.6,4,False
408,Cranidos,Rock,,350,67,64.9,14.3,30,30,27.2,4,False
409,Rampardos,Rock,,495,97,86.5,22.4,65,50,27.2,4,False
410,Shieldon,Rock,Steel,350,30,20.0,46.1,42,88,12.8,4,False
411,Bastiodon,Rock,Steel,495,60,25.4,66.5,47,138,12.8,4,False
412,Burmy,Bug,,224,40,13.0,16.3,29,45,15.9,4,False
413,Wormadam Plant Cloak,Bug,Grass,424,60,29.2,32.7,79,105,15.9,4,False
413,Wormadam Sandy Cloak,Bug,Ground,424,60,40.0,40.8,59,85,15.9,4,False
413,Wormadam Trash Cloak,Bug,Steel,424,60,34.6,36.7,69,95,15.9,4,False
414,Mothim,Bug,Flying,424,70,48.1,18.4,94,50,31.3,4,False
415,Combee,Bug,Flying,244,30,13.5,15.1,30,42,33.3,4,False
416,Vespiquen,Bug,Flying,474,70,40.5,39.6,80,102,17.9,4,False
417,Pachirisu,Electric,,405,60,21.6,26.5,45,90,46.2,4,False
418,Buizel,Water,,330,55,32.4,12.2,60,30,41.0,4,False
419,Floatzel,Water,,495,85,54.1,20.4,85,50,56.4,4,False
420,Cherubi,Grass,,275,45,16.2,16.3,62,53,15.4,4,False
421,Cherrim,Grass,,450,70,29.7,26.5,87,78,41.0,4,False
422,Shellos,Water,,325,76,23.2,17.6,57,62,14.9,4,False
423,Gastrodon,Water,Ground,475,111,42.2,25.7,92,82,17.4,4,False
424,Ambipom,Normal,,482,75,51.4,24.9,60,66,56.4,4,False
425,Drifloon,Ghost,Flying,348,90,24.3,11.8,60,44,33.3,4,False
426,Drifblim,Ghost,Flying,498,150,40.5,15.9,90,54,38.5,4,False
427,Buneary,Normal,,350,55,33.0,15.9,44,56,41.0,4,False
428,Lopunny,Normal,,480,65,38.4,32.2,54,96,51.3,4,False
428,Mega Lopunny,Normal,Fighting,580,65,70.8,36.3,54,96,66.7,4,False
429,Mismagius,Ghost,,495,60,29.7,22.4,105,105,51.3,4,False
430,Honchkrow,Dark,Flying,505,100,64.9,19.2,105,52,33.8,4,False
431,Glameow,Normal,,310,49,27.0,15.1,42,37,41.0,4,False
432,Purugly,Normal,,452,71,41.6,24.1,64,59,54.9,4,False
433,Chingling,Psychic,,285,45,13.5,18.4,65,50,20.5,4,False
434,Stunky,Poison,Dark,329,63,31.4,17.1,41,41,35.4,4,False
435,Skuntank,Poison,Dark,479,103,47.6,25.3,71,61,40.5,4,False
436,Bronzor,Steel,Psychic,300,57,10.3,33.1,24,86,9.2,4,False
437,Bronzong,Steel,Psychic,500,67,45.4,45.3,79,116,14.4,4,False
438,Bonsly,Rock,,290,50,40.5,36.7,10,45,2.6,4,False
439,Mime Jr.,Psychic,Fairy,310,20,10.8,16.3,70,90,28.2,4,False
440,Happiny,Normal,,220,100,0.0,0.0,15,65,12.8,4,False
441,Chatot,Normal,Flying,411,76,32.4,16.3,92,42,44.1,4,False
442,Spiritomb,Ghost,Dark,485,50,47.0,42.0,92,108,15.4,4,False
443,Gible,Dragon,Ground,300,58,35.1,16.3,40,45,19.0,4,False
444,Gabite,Dragon,Ground,410,68,45.9,24.5,50,55,39.5,4,False
445,Garchomp,Dragon,Ground,600,108,67.6,36.7,80,85,49.7,4,False
445,Mega Garchomp,Dragon,Ground,700,108,89.2,44.9,120,95,44.6,4,False
446,Munchlax,Normal,,390,135,43.2,14.3,40,85,0.0,4,False
447,Riolu,Fighting,,285,40,35.1,14.3,35,40,28.2,4,False
448,Lucario,Fighting,Steel,525,70,56.8,26.5,115,70,43.6,4,False
448,Mega Lucario,Fighting,Steel,625,70,75.7,33.9,140,70,54.9,4,False
449,Hippopotas,Ground,,330,68,36.2,29.8,38,42,13.8,4,False
450,Hippowdon,Ground,,525,108,57.8,46.1,68,72,21.5,4,False
451,Skorupi,Poison,Bug,330,40,24.3,34.7,30,55,30.8,4,False
452,Drapion,Poison,Dark,500,70,45.9,42.9,60,75,46.2,4,False
453,Croagunk,Poison,Fighting,300,48,30.3,14.3,61,40,23.1,4,False
454,Toxicroak,Poison,Fighting,490,83,54.6,24.5,86,65,41.0,4,False
455,Carnivine,Grass,,454,74,51.4,27.3,90,72,21.0,4,False
456,Finneon,Water,,330,49,23.8,20.8,49,61,31.3,4,False
457,Lumineon,Water,,460,69,34.6,29.0,69,86,44.1,4,False
458,Mantyke,Water,Flying,345,45,8.1,18.4,60,120,23.1,4,False
459,Snover,Grass,Ice,334,60,30.8,18.4,62,60,17.9,4,False
460,Abomasnow,Grass,Ice,494,90,47.0,28.6,92,85,28.2,4,False
460,Mega Abomasnow,Grass,Ice,594,90,68.6,40.8,132,105,12.8,4,False
461,Weavile,Dark,Ice,510,70,62.2,24.5,45,85,61.5,4,False
462,Magnezone,Electric,Steel,535,70,35.1,44.9,130,90,28.2,4,False
463,Lickilicky,Normal,,515,110,43.2,36.7,80,95,23.1,4,False
464,Rhyperior,Ground,Rock,535,115,73.0,51.0,55,55,17.9,4,False
465,Tangrowth,Grass,,535,100,51.4,49.0,110,50,23.1,4,False
466,Electivire,Electric,,540,75,63.8,25.3,95,85,46.2,4,False
467,Magmortar,Fire,,540,75,48.6,25.3,125,95,40.0,4,False
468,Togekiss,Fairy,Flying,545,85,24.3,36.7,120,115,38.5,4,False
469,Yanmega,Bug,Flying,515,86,38.4,33.1,116,56,46.2,4,False
470,Leafeon,Grass,,525,65,56.8,51.0,60,65,46.2,4,False
471,Glaceon,Ice,,525,65,29.7,42.9,130,95,30.8,4,False
472,Gliscor,Ground,Flying,510,75,48.6,49.0,45,75,46.2,4,False
473,Mamoswine,Ice,Ground,530,110,67.6,30.6,70,60,38.5,4,False
474,Porygon-Z,Normal,,535,85,40.5,26.5,135,75,43.6,4,False
475,Gallade,Psychic,Fighting,518,68,64.9,24.5,65,115,38.5,4,False
475,Mega Gallade,Psychic,Fighting,618,68,86.5,36.7,65,115,53.8,4,False
476,Probopass,Rock,Steel,525,60,27.0,57.1,75,150,17.9,4,False
477,Dusknoir,Ghost,,525,45,51.4,53.1,65,135,20.5,4,False
478,Froslass,Ice,Ghost,480,70,40.5,26.5,80,70,53.8,4,False
479,Rotom,Electric,Ghost,440,50,24.3,29.4,95,77,44.1,4,False
479,Heat Rotom,Electric,Fire,520,50,32.4,41.6,105,107,41.5,4,False
479,Wash Rotom,Electric,Water,520,50,32.4,41.6,105,107,41.5,4,False
479,Frost Rotom,Electric,Ice,520,50,32.4,41.6,105,107,41.5,4,False
479,Fan Rotom,Electric,Flying,520,50,32.4,41.6,105,107,41.5,4,False
479,Mow Rotom,Electric,Grass,520,50,32.4,41.6,105,107,41.5,4,False
480,Uxie,Psychic,,580,75,37.8,51.0,75,130,46.2,4,True
481,Mesprit,Psychic,,580,80,54.1,40.8,105,105,38.5,4,True
482,Azelf,Psychic,,580,75,64.9,26.5,125,70,56.4,4,True
483,Dialga,Steel,Dragon,680,100,62.2,46.9,150,100,43.6,4,True
484,Palkia,Water,Dragon,680,90,62.2,38.8,150,120,48.7,4,True
485,Heatran,Fire,Steel,600,91,45.9,41.2,130,106,36.9,4,True
486,Regigigas,Normal,,670,110,83.8,42.9,80,110,48.7,4,True
487,Giratina Altered Forme,Ghost,Dragon,680,150,51.4,46.9,100,120,43.6,4,True
487,Giratina Origin Forme,Ghost,Dragon,680,150,62.2,38.8,120,100,43.6,4,True
488,Cresselia,Psychic,,600,120,35.1,46.9,75,130,41.0,4,True
489,Phione,Water,,480,80,40.5,30.6,80,80,38.5,4,True
490,Manaphy,Water,,600,100,51.4,38.8,100,100,48.7,4,True
491,Darkrai,Dark,,600,70,45.9,34.7,135,90,61.5,4,True
492,Shaymin Land Forme,Grass,,600,100,51.4,38.8,100,100,48.7,4,True
492,Shaymin Sky Forme,Grass,Flying,600,100,53.0,28.6,120,75,62.6,4,True
493,Arceus,Normal,,720,120,62.2,46.9,120,120,59.0,4,True
494,Victini,Psychic,Fire,600,100,51.4,38.8,100,100,48.7,5,True
495,Snivy,Grass,,308,45,21.6,20.4,45,55,29.7,5,False
496,Servine,Grass,,413,60,29.7,28.6,60,75,40.0,5,False
497,Serperior,Grass,,528,75,37.8,36.7,75,95,55.4,5,False
498,Tepig,Fire,,308,65,31.4,16.3,45,45,20.5,5,False
499,Pignite,Fire,Fighting,418,90,47.6,20.4,70,55,25.6,5,False
500,Emboar,Fire,Fighting,528,110,63.8,24.5,100,65,30.8,5,False
501,Oshawott,Water,,308,55,27.0,16.3,63,45,20.5,5,False
502,Dewott,Water,,413,75,37.8,22.4,83,60,28.2,5,False
503,Samurott,Water,,528,95,51.4,32.7,108,70,33.3,5,False
504,Patrat,Normal,,255,45,27.0,13.9,35,39,19.0,5,False
505,Watchog,Normal,,420,60,43.2,26.1,60,69,36.9,5,False
506,Lillipup,Normal,,275,45,29.7,16.3,25,45,25.6,5,False
507,Herdier,Normal,,370,65,40.5,24.5,35,65,28.2,5,False
508,Stoutland,Normal,,500,85,56.8,34.7,45,90,38.5,5,False
509,Purrloin,Dark,,281,41,24.3,13.1,50,37,31.3,5,False
510,Liepard,Dark,,446,64,44.9,18.4,88,50,51.8,5,False
511,Pansage,Grass,,316,50,25.9,17.6,53,48,30.3,5,False
512,Simisage,Grass,,498,75,50.3,23.7,98,63,49.2,5,False
513,Pansear,Fire,,316,50,25.9,17.6,53,48,30.3,5,False
514,Simisear,Fire,,498,75,50.3,23.7,98,63,49.2,5,False
515,Panpour,Water,,316,50,25.9,17.6,53,48,30.3,5,False
516,Simipour,Water,,498,75,50.3,23.7,98,63,49.2,5,False
517,Munna,Psychic,,292,76,10.8,16.3,67,55,9.7,5,False
518,Musharna,Psychic,,487,116,27.0,32.7,107,95,12.3,5,False
519,Pidove,Normal,Flying,264,50,27.0,18.4,36,30,19.5,5,False
520,Tranquill,Normal,Flying,358,62,38.9,23.3,50,42,30.8,5,False
521,Unfezant,Normal,Flying,488,80,59.5,30.6,65,55,45.1,5,False
522,Blitzle,Electric,,295,45,29.7,11.0,50,32,36.4,5,False
523,Zebstrika,Electric,,497,75,51.4,23.7,80,63,56.9,5,False
524,Roggenrola,Rock,,280,55,37.8,32.7,25,25,5.1,5,False
525,Boldore,Rock,,390,70,54.1,40.8,50,40,7.7,5,False
526,Gigalith,Rock,,515,85,70.3,51.0,60,80,10.3,5,False
527,Woobat,Psychic,Flying,313,55,21.6,15.5,55,43,34.4,5,False
528,Swoobat,Psychic,Flying,425,67,28.1,20.4,77,55,55.9,5,False
529,Drilbur,Ground,,328,60,43.2,14.3,30,45,32.3,5,False
530,Excadrill,Ground,Steel,508,110,70.3,22.4,50,65,42.6,5,False
531,Audino,Normal,,445,103,29.7,33.1,60,86,23.1,5,False
531,Mega Audino,Normal,Fairy,545,103,29.7,49.4,80,126,23.1,5,False
532,Timburr,Fighting,,305,75,40.5,20.4,25,35,15.4,5,False
533,Gurdurr,Fighting,,405,85,54.1,32.7,40,50,17.9,5,False
534,Conkeldurr,Fighting,,505,105,73.0,36.7,55,65,20.5,5,False
535,Tympole,Water,,294,50,24.3,14.3,50,40,30.3,5,False
536,Palpitoad,Water,Ground,384,75,32.4,20.4,65,55,32.8,5,False
537,Seismitoad,Water,Ground,509,105,48.6,28.6,85,75,35.4,5,False
538,Throh,Fighting,,465,120,51.4,32.7,30,85,20.5,5,False
539,Sawk,Fighting,,465,75,64.9,28.6,30,75,41.0,5,False
540,Sewaddle,Bug,Grass,310,45,25.9,26.5,40,60,19.0,5,False
541,Swadloon,Bug,Grass,380,55,31.4,34.7,50,80,19.0,5,False
542,Leavanny,Bug,Grass,500,75,53.0,30.6,70,80,44.6,5,False
543,Venipede,Bug,Poison,260,30,21.6,22.0,30,39,26.7,5,False
544,Whirlipede,Bug,Poison,360,40,27.0,38.4,40,79,21.5,5,False
545,Scolipede,Bug,Poison,485,60,51.4,34.3,55,69,54.9,5,False
546,Cottonee,Grass,Fairy,280,40,11.9,22.4,37,50,31.3,5,False
547,Whimsicott,Grass,Fairy,480,60,33.5,32.7,77,75,56.9,5,False
548,Petilil,Grass,,280,45,16.2,18.4,70,50,12.8,5,False
549,Lilligant,Grass,,480,70,29.7,28.6,110,75,43.6,5,False
550,Basculin,Water,,460,70,47.0,24.5,80,55,47.7,5,False
551,Sandile,Ground,Dark,292,50,36.2,12.2,35,35,30.8,5,False
552,Krokorok,Ground,Dark,351,60,41.6,16.3,45,45,35.4,5,False
553,Krookodile,Ground,Dark,519,95,60.5,30.6,65,70,44.6,5,False
554,Darumaka,Fire,,315,70,45.9,16.3,15,45,23.1,5,False
554,Galarian Darumaka,Ice,,315,70,45.9,16.3,15,45,23.1,8,False
555,Darmanitan Standard Mode,Fire,,480,105,73.0,20.4,30,55,46.2,5,False
555,Galarian Darmanitan Standard Mode,Ice,,480,105,73.0,20.4,30,55,46.2,8,False
555,Darmanitan Zen Mode,Fire,Psychic,540,105,13.5,40.8,140,105,25.6,5,False
555,Galarian Darmanitan Zen Mode,Ice,Fire,540,105,83.8,20.4,30,55,66.7,8,False
556,Maractus,Grass,,461,75,43.8,25.3,106,67,28.2,5,False
557,Dwebble,Bug,Rock,325,50,32.4,32.7,35,35,25.6,5,False
558,Crustle,Bug,Rock,475,70,48.6,49.0,65,75,20.5,5,False
559,Scraggy,Dark,Fighting,348,50,37.8,26.5,35,70,22.1,5,False
560,Scrafty,Dark,Fighting,488,65,45.9,44.9,45,115,27.2,5,False
561,Sigilyph,Psychic,Flying,490,72,28.6,30.6,103,80,47.2,5,False
562,Yamask,Ghost,,303,38,13.5,32.7,55,65,12.8,5,False
562,Galarian Yamask,Ground,Ghost,303,38,27.0,32.7,30,65,12.8,8,False
563,Cofagrigus,Ghost,,483,58,24.3,57.1,95,105,12.8,5,False
564,Tirtouga,Water,Rock,355,54,39.5,40.0,53,45,8.7,5,False
565,Carracosta,Water,Rock,495,74,55.7,52.2,83,65,13.8,5,False
566,Archen,Rock,Flying,401,55,57.8,16.3,74,45,33.3,5,False
567,Archeops,Rock,Flying,567,75,73.0,24.5,112,65,53.8,5,False
568,Trubbish,Poison,,329,50,24.3,23.3,40,62,30.8,5,False
569,Garbodor,Poison,,474,80,48.6,31.4,60,82,35.9,5,False
569,Gigantamax Garbodor,Poison,,474,80,48.6,31.4,60,82,35.9,5,False
570,Zorua,Dark,,330,40,32.4,14.3,80,40,30.8,5,False
571,Zoroark,Dark,,510,60,54.1,22.4,120,60,51.3,5,False
572,Minccino,Normal,,300,55,24.3,14.3,40,40,35.9,5,False
573,Cinccino,Normal,,470,75,48.6,22.4,65,60,56.4,5,False
574,Gothita,Psychic,,290,45,13.5,18.4,55,65,20.5,5,False
575,Gothorita,Psychic,,390,60,21.6,26.5,75,85,25.6,5,False
576,Gothitelle,Psychic,,490,70,27.0,36.7,95,110,30.8,5,False
577,Solosis,Psychic,,290,45,13.5,14.3,105,50,7.7,5,False
578,Duosion,Psychic,,370,65,18.9,18.4,125,60,12.8,5,False
579,Reuniclus,Psychic,,490,110,32.4,28.6,125,85,12.8,5,False
580,Ducklett,Water,Flying,305,62,21.1,18.4,44,50,25.6,5,False
581,Swanna,Water,Flying,473,75,44.3,23.7,87,63,47.7,5,False
582,Vanillite,Ice,,305,36,24.3,18.4,65,60,20.0,5,False
583,Vanillish,Ice,,395,51,32.4,24.5,80,75,27.7,5,False
584,Vanilluxe,Ice,,535,71,48.6,32.7,110,95,37.9,5,False
585,Deerling,Normal,Grass,335,60,29.7,18.4,40,50,35.9,5,False
586,Sawsbuck,Normal,Grass,475,80,51.4,26.5,60,70,46.2,5,False
587,Emolga,Electric,Flying,428,55,37.8,22.4,75,60,50.3,5,False
588,Karrablast,Bug,,315,50,37.8,16.3,40,45,28.2,5,False
589,Escavalier,Bug,Steel,495,70,70.3,40.8,60,105,7.7,5,False
590,Foongus,Grass,Poison,294,69,27.0,16.3,55,55,5.1,5,False
591,Amoonguss,Grass,Poison,464,114,43.2,26.5,85,80,12.8,5,False
592,Frillish,Water,Ghost,335,55,18.9,18.4,65,85,17.9,5,False
593,Jellicent,Water,Ghost,480,100,29.7,26.5,85,105,28.2,5,False
594,Alomomola,Water,,470,165,37.8,30.6,40,45,30.8,5,False
595,Joltik,Bug,Electric,319,50,22.7,18.4,57,50,30.8,5,False
596,Galvantula,Bug,Electric,472,70,38.9,22.4,97,60,52.8,5,False
597,Ferroseed,Grass,Steel,305,44,24.3,35.1,24,86,2.6,5,False
598,Ferrothorn,Grass,Steel,489,74,48.1,51.4,54,116,7.7,5,False
599,Klink,Steel,,300,40,27.0,26.5,45,60,12.8,5,False
600,Klang,Steel,,440,60,40.5,36.7,70,85,23.1,5,False
601,Klinklang,Steel,,520,60,51.4,44.9,70,85,43.6,5,False
602,Tynamo,Electric,,275,35,27.0,14.3,45,40,28.2,5,False
603,Eelektrik,Electric,,405,65,43.2,26.5,75,70,17.9,5,False
604,Eelektross,Electric,,515,85,59.5,30.6,105,80,23.1,5,False
605,Elgyem,Psychic,,335,55,27.0,20.4,85,55,12.8,5,False
606,Beheeyem,Psychic,,485,75,37.8,28.6,125,95,17.9,5,False
607,Litwick,Ghost,Fire,275,50,13.5,20.4,65,55,7.7,5,False
608,Lampent,Ghost,Fire,370,60,18.9,22.4,95,60,25.6,5,False
609,Chandelure,Ghost,Fire,520,60,27.0,34.7,145,90,38.5,5,False
610,Axew,Dragon,,320,46,44.3,22.4,30,40,26.7,5,False
611,Fraxure,Dragon,,410,66,60.5,26.5,40,50,31.8,5,False
612,Haxorus,Dragon,,540,76,76.8,34.7,60,70,47.2,5,False
613,Cubchoo,Ice,,305,55,35.1,14.3,60,40,17.9,5,False
614,Beartic,Ice,,485,95,56.8,30.6,70,80,23.1,5,False
615,Cryogonal,Ice,,485,70,24.3,10.2,95,135,51.3,5,False
616,Shelmet,Bug,,305,50,18.9,32.7,40,65,10.3,5,False
617,Accelgor,Bug,,495,80,35.1,14.3,100,60,71.8,5,False
618,Stunfisk,Ground,Electric,471,109,33.0,32.2,81,99,13.8,5,False
618,Galarian Stunfisk,Ground,Steel,471,109,41.1,38.4,66,84,13.8,8,False
619,Mienfoo,Fighting,,350,45,43.2,18.4,55,50,30.8,5,False
620,Mienshao,Fighting,,510,65,64.9,22.4,95,60,51.3,5,False
621,Druddigon,Dragon,,485,77,62.2,34.7,60,90,22.1,5,False
622,Golett,Ground,Ghost,303,59,37.3,18.4,35,50,15.4,5,False
623,Golurk,Ground,Ghost,483,89,64.3,30.6,55,80,25.6,5,False
624,Pawniard,Dark,Steel,340,45,43.2,26.5,40,40,28.2,5,False
625,Bisharp,Dark,Steel,490,65,64.9,38.8,60,70,33.3,5,False
626,Bouffalant,Normal,,490,95,56.8,36.7,40,95,25.6,5,False
627,Rufflet,Normal,Flying,350,70,42.2,18.4,37,50,28.2,5,False
628,Braviary,Normal,Flying,510,100,63.8,28.6,57,75,38.5,5,False
629,Vullaby,Dark,Flying,370,70,27.0,28.6,45,65,28.2,5,False
630,Mandibuzz,Dark,Flying,510,110,32.4,40.8,55,95,38.5,5,False
631,Heatmor,Fire,,484,85,49.7,24.9,105,66,30.8,5,False
632,Durant,Bug,Steel,484,58,56.2,43.7,48,48,53.3,5,False
633,Deino,Dark,Dragon,300,52,32.4,18.4,45,50,16.9,5,False
634,Zweilous,Dark,Dragon,420,72,43.2,26.5,65,70,27.2,5,False
635,Hydreigon,Dark,Dragon,600,92,54.1,34.7,125,90,47.7,5,False
636,Larvesta,Bug,Fire,360,55,43.2,20.4,50,55,28.2,5,False
637,Volcarona,Bug,Fire,550,85,29.7,24.5,135,105,48.7,5,False
638,Cobalion,Steel,Fighting,580,91,45.9,50.6,90,72,52.8,5,True
639,Terrakion,Rock,Fighting,580,91,67.0,34.7,72,90,52.8,5,True
640,Virizion,Grass,Fighting,580,91,45.9,27.3,90,129,52.8,5,True
641,Tornadus Incarnate Forme,Flying,,580,79,59.5,26.5,125,80,54.4,5,True
641,Tornadus Therian Forme,Flying,,580,79,51.4,30.6,110,90,59.5,5,True
642,Thundurus Incarnate Forme,Electric,Flying,580,79,59.5,26.5,125,80,54.4,5,True
642,Thundurus Therian Forme,Electric,Flying,580,79,54.1,26.5,145,80,49.2,5,True
643,Reshiram,Dragon,Fire,680,100,62.2,38.8,150,120,43.6,5,True
644,Zekrom,Dragon,Electric,680,100,78.4,46.9,120,100,43.6,5,True
645,Landorus Incarnate Forme,Ground,Flying,600,89,64.9,34.7,115,80,49.2,5,True
645,Landorus Therian Forme,Ground,Flying,600,89,75.7,34.7,105,80,44.1,5,True
646,Kyurem,Dragon,Ice,660,125,67.6,34.7,130,90,46.2,5,True
646,Black Kyurem,Dragon,Ice,700,125,89.2,38.8,120,90,46.2,5,True
646,White Kyurem,Dragon,Ice,700,125,62.2,34.7,170,100,46.2,5,True
647,Keldeo Ordinary Forme,Water,Fighting,580,91,36.2,34.7,129,90,52.8,5,True
647,Keldeo Resolute Forme,Water,Fighting,580,91,36.2,34.7,129,90,52.8,5,True
648,Meloetta Aria Forme,Normal,Psychic,600,100,38.9,29.4,128,128,43.6,5,True
648,Meloetta Pirouette Forme,Normal,Fighting,600,100,66.5,34.7,77,77,63.1,5,True
649,Genesect,Bug,Steel,600,71,62.2,36.7,120,95,48.2,5,True
650,Chespin,Grass,,313,56,30.3,24.5,48,45,16.9,6,False
651,Quilladin,Grass,,405,61,39.5,36.7,56,58,26.7,6,False
652,Chesnaught,Grass,Fighting,530,88,55.1,47.8,74,75,30.3,6,False
653,Fennekin,Fire,,307,40,21.6,14.3,62,60,28.2,6,False
654,Braixen,Fire,,409,59,29.2,21.6,90,70,34.9,6,False
655,Delphox,Fire,Psychic,534,75,34.6,27.3,114,100,50.8,6,False
656,Froakie,Water,,314,41,27.6,14.3,62,44,33.8,6,False
657,Frogadier,Water,,405,54,31.4,19.2,83,56,47.2,6,False
658,Greninja,Water,Dark,530,72,48.6,25.3,103,71,60.0,6,False
658,Ash-Greninja,Water,Dark,640,72,75.7,25.3,153,71,65.1,6,False
659,Bunnelby,Normal,,237,38,16.8,13.5,32,36,26.7,6,False
660,Diggersby,Normal,Ground,423,85,27.6,29.4,50,77,37.4,6,False
661,Fletchling,Normal,Flying,278,45,24.3,15.5,40,38,29.2,6,False
662,Fletchinder,Fire,Flying,382,62,36.8,20.4,56,52,40.5,6,False
663,Talonflame,Fire,Flying,499,78,41.1,26.9,74,69,62.1,6,False
664,Scatterbug,Bug,,200,38,16.2,14.3,27,25,15.4,6,False
665,Spewpa,Bug,,213,45,9.2,22.4,27,30,12.3,6,False
666,Vivillon,Bug,Flying,411,80,25.4,18.4,90,50,43.1,6,False
667,Litleo,Fire,Normal,369,62,24.3,21.6,73,54,34.4,6,False
668,Pyroar,Fire,Normal,507,86,34.1,27.3,109,66,51.8,6,False
669,Flabébé,Fairy,,303,44,17.8,13.9,61,79,19.0,6,False
670,Floette,Fairy,,371,54,21.6,17.1,75,98,24.1,6,False
671,Florges,Fairy,,552,78,32.4,25.7,112,154,35.9,6,False
672,Skiddo,Grass,,350,66,32.4,17.6,62,57,24.1,6,False
673,Gogoat,Grass,,531,123,51.4,23.3,97,81,32.3,6,False
674,Pancham,Fighting,,348,67,41.6,23.3,46,48,19.5,6,False
675,Pangoro,Fighting,Dark,495,95,64.3,29.8,69,71,27.2,6,False
676,Furfrou,Normal,,472,75,40.5,22.4,65,90,49.7,6,False
677,Espurr,Psychic,,355,62,23.2,20.0,63,60,32.3,6,False
678,Meowstic Male,Psychic,,466,74,23.2,29.0,83,81,50.8,6,False
678,Meowstic Female,Psychic,,466,74,23.2,29.0,83,81,50.8,6,False
679,Honedge,Steel,Ghost,325,45,40.5,38.8,35,37,11.8,6,False
680,Doublade,Steel,Ghost,448,59,56.8,59.2,45,49,15.4,6,False
681,Aegislash Blade Forme,Steel,Ghost,520,60,78.4,18.4,150,50,28.2,6,False
681,Aegislash Shield Forme,Steel,Ghost,520,60,24.3,59.2,50,150,28.2,6,False
682,Spritzee,Fairy,,341,78,25.4,22.4,63,65,9.2,6,False
683,Aromatisse,Fairy,,462,101,36.2,27.3,99,89,12.3,6,False
684,Swirlix,Fairy,,341,62,23.2,24.9,59,57,22.6,6,False
685,Slurpuff,Fairy,,480,82,40.5,33.1,85,75,34.4,6,False
686,Inkay,Dark,Psychic,288,53,26.5,19.6,37,46,20.5,6,False
687,Malamar,Dark,Psychic,482,86,47.0,33.9,68,75,34.9,6,False
688,Binacle,Rock,Water,306,42,25.4,25.3,39,56,23.1,6,False
689,Barbaracle,Rock,Water,500,72,54.1,44.9,54,86,32.3,6,False
690,Skrelp,Poison,Water,320,50,29.7,22.4,60,60,12.8,6,False
691,Dragalge,Poison,Dragon,494,65,37.8,34.7,97,123,20.0,6,False
692,Clauncher,Water,,330,50,25.9,23.3,58,63,20.0,6,False
693,Clawitzer,Water,,500,71,36.8,33.9,120,89,27.7,6,False
694,Helioptile,Electric,Normal,289,44,17.8,11.4,61,43,33.3,6,False
695,Heliolisk,Electric,Normal,481,62,27.0,19.2,109,94,53.3,6,False
696,Tyrunt,Rock,Dragon,362,58,45.4,29.4,45,45,22.1,6,False
697,Tyrantrum,Rock,Dragon,521,82,62.7,46.5,69,59,33.8,6,False
698,Amaura,Rock,Ice,362,77,29.2,18.4,67,63,21.0,6,False
699,Aurorus,Rock,Ice,521,123,38.9,27.3,99,92,27.2,6,False
700,Sylveon,Fairy,,525,95,32.4,24.5,110,130,28.2,6,False
701,Hawlucha,Fighting,Flying,500,78,47.0,28.6,74,63,57.9,6,False
702,Dedenne,Electric,Fairy,431,67,28.6,21.2,81,67,49.2,6,False
703,Carbink,Rock,Fairy,500,50,24.3,59.2,50,150,23.1,6,False
704,Goomy,Dragon,,300,45,24.3,12.2,55,75,17.9,6,False
705,Sliggoo,Dragon,,452,68,37.8,19.6,83,113,28.2,6,False
706,Goodra,Dragon,,600,90,51.4,26.5,110,150,38.5,6,False
707,Klefki,Steel,Fairy,470,57,40.5,35.1,80,87,35.9,6,False
708,Phantump,Ghost,Grass,309,43,35.1,17.6,50,60,16.9,6,False
709,Trevenant,Ghost,Grass,474,85,56.8,29.0,65,82,26.2,6,False
710,Pumpkaboo Average Size,Ghost,Grass,335,49,33.0,26.5,44,55,23.6,6,False
710,Pumpkaboo Small Size,Ghost,Grass,335,44,33.0,26.5,44,55,26.2,6,False
710,Pumpkaboo Large Size,Ghost,Grass,335,54,33.0,26.5,44,55,21.0,6,False
710,Pumpkaboo Super Size,Ghost,Grass,335,59,33.0,26.5,44,55,18.5,6,False
711,Gourgeist Average Size,Ghost,Grass,494,65,45.9,47.8,58,75,40.5,6,False
711,Gourgeist Small Size,Ghost,Grass,494,55,43.2,47.8,58,75,48.2,6,False
711,Gourgeist Large Size,Ghost,Grass,494,75,48.6,47.8,58,75,32.8,6,False
711,Gourgeist Super Size,Ghost,Grass,494,85,51.4,47.8,58,75,25.1,6,False
712,Bergmite,Ice,,304,55,34.6,32.7,32,35,11.8,6,False
713,Avalugg,Ice,,514,95,60.5,73.1,44,46,11.8,6,False
714,Noibat,Flying,Dragon,245,40,13.5,12.2,45,40,25.6,6,False
715,Noivern,Flying,Dragon,535,85,35.1,30.6,97,80,60.5,6,False
716,Xerneas,Fairy,,680,126,68.1,36.7,131,98,48.2,6,True
717,Yveltal,Dark,Flying,680,126,68.1,36.7,131,98,48.2,6,True
718,Zygarde 10% Forme,Dragon,Ground,486,54,51.4,26.9,61,85,56.4,6,True
718,Zygarde 50% Forme,Dragon,Ground,600,108,51.4,47.3,81,95,46.2,6,True
718,Zygarde Complete Forme,Dragon,Ground,708,216,51.4,47.3,91,95,41.0,6,True
719,Diancie,Rock,Fairy,600,50,51.4,59.2,100,150,23.1,6,True
719,Mega Diancie,Rock,Fairy,700,50,83.8,42.9,160,110,53.8,6,True
720,Hoopa Confined,Psychic,Ghost,600,80,56.8,22.4,150,130,33.3,6,True
720,Hoopa Unbound,Psychic,Dark,680,80,83.8,22.4,170,130,38.5,6,True
721,Volcanion,Fire,Water,600,80,56.8,46.9,130,90,33.3,6,True
722,Rowlet,Grass,Flying,320,68,27.0,20.4,50,50,19.0,7,False
723,Dartrix,Grass,Flying,420,78,37.8,28.6,70,70,24.1,7,False
724,Decidueye,Grass,Ghost,530,78,55.1,28.6,100,100,33.3,7,False
725,Litten,Fire,,320,45,32.4,14.3,60,40,33.3,7,False
726,Torracat,Fire,,420,65,43.2,18.4,80,50,43.6,7,False
727,Incineroar,Fire,Dark,530,95,59.5,34.7,80,90,28.2,7,False
728,Popplio,Water,,320,50,26.5,20.0,66,56,17.9,7,False
729,Brionne,Water,,420,60,34.6,26.1,91,81,23.1,7,False
730,Primarina,Water,Fairy,530,80,37.3,28.2,126,116,28.2,7,False
731,Pikipek,Normal,Flying,265,35,37.8,10.2,30,30,30.8,7,False
732,Trumbeak,Normal,Flying,355,55,43.2,18.4,40,50,35.9,7,False
733,Toucannon,Normal,Flying,485,80,62.2,28.6,75,75,28.2,7,False
734,Yungoos,Normal,,253,48,35.1,10.2,30,30,20.5,7,False
735,Gumshoos,Normal,,418,88,56.8,22.4,55,60,20.5,7,False
736,Grubbin,Bug,,300,47,30.8,16.3,55,45,21.0,7,False
737,Charjabug,Bug,Electric,400,57,41.6,36.7,55,75,15.9,7,False
738,Vikavolt,Bug,Electric,500,77,35.1,34.7,145,75,19.5,7,False
739,Crabrawler,Fighting,,338,47,41.6,21.2,42,47,29.7,7,False
740,Crabominable,Fighting,Ice,478,97,68.6,29.4,62,67,19.5,7,False
741,Oricorio Baile Style,Fire,Flying,476,75,35.1,26.5,98,70,45.1,7,False
741,Oricorio Pom-Pom Style,Electric,Flying,476,75,35.1,26.5,98,70,45.1,7,False
741,Oricorio P'au Style,Psychic,Flying,476,75,35.1,26.5,98,70,45.1,7,False
741,Oricorio Sensu Style,Ghost,Flying,476,75,35.1,26.5,98,70,45.1,7,False
742,Cutiefly,Bug,Fairy,304,40,21.6,14.3,55,40,40.5,7,False
743,Ribombee,Bug,Fairy,464,60,27.0,22.4,95,70,61.0,7,False
744,Rockruff,Rock,,280,45,32.4,14.3,30,40,28.2,7,False
745,Lycanroc Midday Forme,Rock,,487,75,59.5,24.5,55,65,54.9,7,False
745,Lycanroc Midnight Forme,Rock,,487,85,59.5,28.6,55,75,39.5,7,False
745,Lycanroc Dusk Forme,Rock,,487,75,60.5,24.5,55,65,53.8,7,False
746,Wishiwashi Solo Forme,Water,,175,45,8.1,6.1,25,25,17.9,7,False
746,Wishiwashi School Forme,Water,,620,45,73.0,51.0,140,135,12.8,7,False
747,Mareanie,Poison,Water,305,50,25.9,23.3,43,52,20.5,7,False
748,Toxapex,Poison,Water,495,50,31.4,60.0,53,142,15.4,7,False
749,Mudbray,Ground,,385,70,51.4,26.5,45,55,20.5,7,False
750,Mudsdale,Ground,,500,100,64.9,38.8,55,85,15.4,7,False
751,Dewpider,Water,Bug,269,38,18.9,19.2,40,72,11.3,7,False
752,Araquanid,Water,Bug,454,68,35.1,35.5,50,132,19.0,7,False
753,Fomantis,Grass,,250,40,27.0,12.2,50,35,15.4,7,False
754,Lurantis,Grass,,480,70,54.1,34.7,80,90,20.5,7,False
755,Morelull,Grass,Fairy,285,40,16.2,20.4,65,75,5.1,7,False
756,Shiinotic,Grass,Fairy,405,60,21.6,30.6,90,100,12.8,7,False
757,Salandit,Poison,Fire,320,48,21.1,14.3,71,40,36.9,7,False
758,Salazzle,Poison,Fire,480,68,31.9,22.4,111,60,57.4,7,False
759,Stufful,Normal,Fighting,340,70,37.8,18.4,45,50,23.1,7,False
760,Bewear,Normal,Fighting,500,120,64.9,30.6,55,60,28.2,7,False
761,Bounsweet,Grass,,210,42,13.5,13.5,30,38,13.8,7,False
762,Steenee,Grass,,290,52,18.9,17.6,40,48,29.2,7,False
763,Tsareena,Grass,,510,72,62.2,38.0,50,98,34.4,7,False
764,Comfey,Fairy,,485,51,25.4,34.7,82,110,48.7,7,False
765,Oranguru,Normal,Psychic,490,90,29.7,30.6,90,110,28.2,7,False
766,Passimian,Fighting,,490,100,62.2,34.7,40,60,38.5,7,False
767,Wimpod,Bug,Water,230,25,16.2,14.3,20,30,38.5,7,False
768,Golisopod,Bug,Water,530,75,64.9,55.1,60,90,17.9,7,False
769,Sandygast,Ghost,Ground,320,55,27.0,30.6,70,45,5.1,7,False
770,Palossand,Ghost,Ground,480,85,37.8,42.9,100,75,15.4,7,False
771,Pyukumuku,Water,,410,55,29.7,51.0,30,130,0.0,7,False
772,Type: Null,Normal,,534,95,48.6,36.7,95,95,27.7,7,False
773,Silvally,Normal,,570,95,48.6,36.7,95,95,46.2,7,False
774,Minior Meteor Forme,Rock,Flying,440,60,29.7,38.8,60,100,28.2,7,False
774,Minior Core Forme,Rock,Flying,500,60,51.4,22.4,100,60,59.0,7,False
775,Komala,Normal,,480,65,59.5,24.5,75,95,30.8,7,False
776,Turtonator,Fire,Dragon,485,60,39.5,53.1,91,85,15.9,7,False
777,Togedemaru,Electric,Steel,435,65,50.3,23.7,40,73,46.7,7,False
778,Mimikyu,Ghost,Fairy,476,55,45.9,30.6,50,105,46.7,7,False
779,Bruxish,Water,Psychic,475,68,54.1,26.5,70,70,44.6,7,False
780,Drampa,Normal,Dragon,485,78,29.7,32.7,135,91,15.9,7,False
781,Dhelmise,Ghost,Grass,517,70,68.1,38.8,86,90,17.9,7,False
782,Jangmo-o,Dragon,,300,45,27.0,24.5,45,45,20.5,7,False
783,Hakamo-o,Dragon,Fighting,420,55,37.8,34.7,65,70,30.8,7,False
784,Kommo-o,Dragon,Fighting,600,75,56.8,49.0,100,105,41.0,7,False
785,Tapu Koko,Electric,Fairy,570,70,59.5,32.7,95,75,64.1,7,True
786,Tapu Lele,Psychic,Fairy,570,70,43.2,28.6,130,115,46.2,7,True
787,Tapu Bulu,Grass,Fairy,570,70,67.6,44.9,85,95,35.9,7,True
788,Tapu Fini,Water,Fairy,570,70,37.8,44.9,95,130,41.0,7,True
789,Cosmog,Psychic,,200,43,13.0,10.6,29,31,16.4,7,True
790,Cosmoem,Psychic,,400,43,13.0,51.4,29,131,16.4,7,True
791,Solgaleo,Psychic,Steel,680,137,71.4,41.6,113,89,47.2,7,True
792,Lunala,Psychic,Ghost,680,137,58.4,34.3,137,107,47.2,7,True
793,Nihilego,Rock,Poison,570,109,25.9,17.1,127,131,50.3,7,False
794,Buzzwole,Bug,Fighting,570,107,72.4,54.7,53,53,37.9,7,False
795,Pheromosa,Bug,Fighting,570,71,71.4,13.1,137,37,74.9,7,False
796,Xurkitree,Electric,,570,83,45.4,26.9,173,71,40.0,7,False
797,Celesteela,Steel,Flying,570,97,51.9,40.0,107,101,28.7,7,False
798,Kartana,Grass,Steel,570,59,95.1,51.4,59,31,53.3,7,False
799,Guzzlord,Dark,Dragon,570,223,51.9,19.6,97,53,19.5,7,False
800,Necrozma,Psychic,,600,97,55.1,39.2,127,89,37.9,7,True
800,Dusk Mane Necrozma,Psychic,Steel,680,97,82.2,49.8,113,109,36.9,7,True
800,Dawn Wings Necrozma,Psychic,Ghost,680,97,58.4,42.4,157,127,36.9,7,True
800,Ultra Necrozma,Psychic,Dragon,754,97,87.6,37.6,167,97,63.6,7,True
801,Magearna,Steel,Fairy,600,80,48.6,44.9,130,115,30.8,7,True
802,Marshadow,Fighting,Ghost,600,90,64.9,30.6,90,90,61.5,7,True
803,Poipole,Poison,,420,67,36.8,25.3,73,67,34.9,7,False
804,Naganadel,Poison,Dragon,540,73,36.8,27.8,127,73,59.5,7,False
805,Stakataka,Rock,Steel,570,61,68.1,84.1,53,101,4.1,7,False
806,Blacephalon,Fire,Ghost,570,53,65.9,19.6,151,79,52.3,7,False
807,Zeraora,Electric,,600,88,57.8,28.6,102,80,70.8,7,True
808,Meltan,Steel,,300,46,32.4,24.5,55,35,14.9,0,True
809,Melmetal,Steel,,600,135,74.6,56.3,80,65,14.9,0,True
809,Gigantamax Melmetal,Steel,,600,135,74.6,56.3,80,65,14.9,0,True
810,Grookey,Grass,,310,50,32.4,18.4,40,40,30.8,8,False
811,Thwackey,Grass,,420,70,43.2,26.5,55,60,38.5,8,False
812,Rillaboom,Grass,,530,100,64.9,34.7,60,70,41.0,8,False
812,Gigantamax Rillaboom,Grass,,530,100,64.9,34.7,60,70,41.0,8,False
813,Scorbunny,Fire,,310,50,35.7,14.3,40,40,32.8,8,False
814,Raboot,Fire,,420,65,43.8,22.4,55,60,45.6,8,False
815,Cinderace,Fire,,530,80,60.0,28.6,65,75,58.5,8,False
815,Gigantamax Cinderace,Fire,,530,80,60.0,28.6,65,75,58.5,8,False
816,Sobble,Water,,310,50,18.9,14.3,70,40,33.3,8,False
817,Drizzile,Water,,420,65,29.7,20.4,95,55,43.6,8,False
818,Inteleon,Water,,530,70,43.2,24.5,125,65,59.0,8,False
818,Gigantamax Inteleon,Water,,530,70,43.2,24.5,125,65,59.0,8,False
819,Skwovet,Normal,,275,70,27.0,20.4,35,35,10.3,8,False
820,Greedent,Normal,,460,120,48.6,36.7,55,75,7.7,8,False
821,Rookidee,Flying,,245,38,22.7,12.2,33,35,26.7,8,False
822,Corvisquire,Flying,,365,68,33.5,20.4,43,55,36.9,8,False
823,Corviknight,Flying,Steel,495,98,44.3,40.8,53,85,31.8,8,False
823,Gigantamax Corviknight,Flying,Steel,495,98,44.3,40.8,53,85,31.8,8,False
824,Blipbug,Bug,,180,25,8.1,6.1,25,45,20.5,8,False
825,Dottler,Bug,Psychic,335,50,16.2,30.6,50,90,12.8,8,False
826,Orbeetle,Bug,Psychic,505,60,21.6,42.9,80,120,43.6,8,False
826,Gigantamax Orbeetle,Bug,Psychic,505,60,21.6,42.9,80,120,43.6,8,False
827,Nickit,Dark,,245,40,12.4,9.4,47,52,23.1,8,False
828,Thievul,Dark,,455,70,28.6,21.6,87,92,43.6,8,False
829,Gossifleur,Grass,,250,40,18.9,22.4,40,60,2.6,8,False
830,Eldegoss,Graass,,460,60,24.3,34.7,80,120,28.2,8,False
831,Wooloo,Normal,,270,42,18.9,20.4,40,45,22.1,8,False
832,Dubwool,Normal,,490,72,40.5,38.8,60,90,42.6,8,False
833,Chewtle,Water,,284,50,31.9,18.4,38,38,20.0,8,False
834,Drednaw,Water,Rock,485,90,59.5,34.7,48,68,35.4,8,False
834,Gigantamax Drednaw,Water,Rock,485,90,59.5,34.7,48,68,35.4,8,False
835,Yamper,Electric,,270,59,21.6,18.4,40,50,10.8,8,False
836,Boltund,Electric,,490,69,45.9,22.4,90,60,59.5,8,False
837,Rolycoly,Rock,,240,30,18.9,18.4,40,50,12.8,8,False
838,Carkol,Rock,Fire,410,80,29.7,34.7,60,70,23.1,8,False
839,Coalossal,Rock,Fire,510,110,40.5,46.9,80,90,12.8,8,False
839,Gigantamax Coalossal,Rock,Fire,510,110,40.5,46.9,80,90,12.8,8,False
840,Applin,Grass,Dragon,260,40,18.9,30.6,40,40,7.7,8,False
841,Flapple,Grass,Dragon,485,70,56.8,30.6,95,60,33.3,8,False
841,Gigantamax Flapple,Grass,Dragon,485,70,56.8,30.6,95,60,33.3,8,False
842,Appletun,Grass,Dragon,485,110,43.2,30.6,100,80,12.8,8,False
842,Gigantamax Appletun,Grass,Dragon,485,110,43.2,30.6,100,80,12.8,8,False
843,Silicobra,Ground,,315,52,28.1,28.6,35,50,21.0,8,False
844,Sandaconda,Ground,,510,72,55.1,49.0,65,70,33.8,8,False
844,Gigantamax Sandaconda,Ground,,510,72,55.1,49.0,65,70,33.8,8,False
845,Cramorant,Flying,Water,475,70,43.2,20.4,85,95,41.0,8,False
846,Arrokuda,Water,,280,41,31.4,14.3,40,30,31.3,8,False
847,Barraskewda,Water,,490,61,63.8,22.4,60,50,67.2,8,False
848,Toxel,Electric,Poison,242,40,17.8,12.2,54,35,17.9,8,False
849,Toxtricity Amped Forme,Electric,Poison,502,75,50.3,26.5,114,70,35.9,8,False
849,Toxitricity Low Key Forme,Electric,Poison,502,75,50.3,26.5,114,70,35.9,8,False
849,Gigantamax Toxitricity,Electric,Poison,502,75,50.3,26.5,114,70,35.9,8,False
850,Sizzlipede,Fire,Bug,305,50,32.4,16.3,50,50,20.5,8,False
851,Centiskorch,Fire,Bug,525,100,59.5,24.5,90,90,30.8,8,False
851,Gigantamax Centiskorch,Fire,Bug,525,100,59.5,24.5,90,90,30.8,8,False
852,Clobbopus,Fighting,,310,50,34.1,22.4,50,50,13.8,8,False
853,Grapploct,Fighting,,480,80,61.1,34.7,70,80,19.0,8,False
854,Sinistea,Ghost,,308,40,21.6,16.3,74,54,23.1,8,False
855,Polteageist,Ghost,,508,60,32.4,24.5,134,114,33.3,8,False
856,Hatenna,Psychic,,265,42,13.5,16.3,56,53,17.4,8,False
857,Hattrem,Psychic,,370,57,18.9,24.5,86,73,22.6,8,False
858,Hatterene,Psychic,Fairy,510,57,45.9,36.7,136,103,12.3,8,False
858,Gigantamax Hatterene,Psychic,Fairy,510,57,45.9,36.7,136,103,12.3,8,False
859,Impidimp,Dark,Fairy,265,45,21.6,10.2,55,40,23.1,8,False
860,Morgrem,Dark,Fairy,370,65,29.7,16.3,75,55,33.3,8,False
861,Grimmsnarl,Dark,Fairy,510,95,62.2,24.5,95,75,28.2,8,False
861,Gigantamax Grimmsnarl,Dark,Fairy,510,95,62.2,24.5,95,75,28.2,8,False
862,Obstagoon,Dark,Normal,520,93,45.9,39.2,60,81,46.2,8,False
863,Perrserker,Steel,,440,70,56.8,38.8,50,60,23.1,8,False
864,Cursola,Ghost,,510,60,48.6,18.4,145,130,12.8,8,False
865,Sirfetch'd,Fighting,,507,62,70.3,36.7,68,82,30.8,8,False
866,Mr. Rime,Ice,Psychic,520,80,43.2,28.6,110,100,33.3,8,False
867,Runerigus,Ground,Ghost,483,58,48.6,57.1,50,105,12.8,8,False
868,Milcery,Fairy,,270,45,18.9,14.3,50,61,14.9,8,False
869,Alcremie,Fairy,,495,65,29.7,28.6,110,121,30.3,8,False
869,Gigantamax Alcremie,Fairy,,495,65,29.7,28.6,110,121,30.3,8,False
870,Falinks,Fighting,,470,65,51.4,38.8,70,60,35.9,8,False
871,Pincurchin,Electric,,435,48,51.9,36.7,91,85,5.1,8,False
872,Snom,Ice,Bug,185,30,10.8,12.2,45,30,7.7,8,False
873,Frosmoth,Ice,Bug,475,70,32.4,22.4,125,90,30.8,8,False
874,Stonjourner,Rock,,470,100,64.9,53.1,20,20,33.3,8,False
875,Eiscue Ice Face,Ice,,470,75,40.5,42.9,65,90,23.1,8,False
875,Eiscue Noice Face,Ice,,470,75,40.5,26.5,65,50,64.1,8,False
876,Indeedee Male,Psychic,Normal,475,60,32.4,20.4,105,95,46.2,8,False
876,Indeedee Female,Psychic,Normal,475,70,27.0,24.5,95,105,41.0,8,False
877,Morpeko Full Belly Mode,Electric,Dark,436,58,48.6,21.6,70,58,47.2,8,False
877,Morpeko Hangry Mode,Electric,Dark,436,58,48.6,21.6,70,58,47.2,8,False
878,Cufant,Steel,,330,72,40.5,18.0,40,49,17.9,8,False
879,Copperajah,Steel,,500,122,67.6,26.1,80,69,12.8,8,False
879,Gigantamax Copperajah,Steel,,500,122,67.6,26.1,80,69,12.8,8,False
880,Dracozolt,Electric,Dragon,505,90,51.4,34.7,80,70,35.9,8,False
881,Arctozolt,Electric,Ice,505,90,51.4,34.7,90,80,25.6,8,False
882,Dracovish,Water,Dragon,505,90,45.9,38.8,70,80,35.9,8,False
883,Arctovish,Water,Ice,505,90,45.9,38.8,80,90,25.6,8,False
884,Duraludon,Steel,Dragon,535,70,48.6,44.9,120,50,41.0,8,False
884,Gigantamax Duraludon,Steel,Dragon,535,70,48.6,44.9,120,50,41.0,8,False
885,Dreepy,Dragon,Ghost,270,28,29.7,10.2,40,30,39.5,8,False
886,Drakloak,Dragon,Ghost,410,68,40.5,18.4,60,50,49.7,8,False
887,Dragapult,Dragon,Ghost,600,88,62.2,28.6,100,75,70.3,8,False
888,Zacian Hero of Many Battles,Fairy,,670,92,67.6,44.9,80,115,68.2,8,True
888,Zacian Crowned Sword Forme,Fairy,Steel,720,92,89.2,44.9,80,115,73.3,8,True
889,Zamazenta Hero of Many Battles,Fighting,,670,92,67.6,44.9,80,115,68.2,8,True
889,Zamazenta Crowned Sheild Forme,Fighting,Steel,720,92,67.6,57.1,80,145,63.1,8,True
890,Eternatus,Poison,Dragon,690,140,43.2,36.7,145,95,64.1,8,True
890,Eternamax Eternatus,Poison,Dragon,1125,255,59.5,100.0,125,250,64.1,8,True
891,Kubfu,Fighting,,385,60,45.9,22.4,53,50,34.4,8,True
892,Urshifu Single Strike Style,Fighting,Dark,550,100,67.6,38.8,63,60,47.2,8,True
892,Gigantamax Urshifu Single Strike Style,Fighting,Dark,550,100,67.6,38.8,63,60,47.2,8,True
892,Urshifu Rapid Strike Style,Fighting,Water,550,100,67.6,38.8,63,60,47.2,8,True
892,Gigantamax Urshifu Rapid Strike Style,Fighting,Water,550,100,67.6,38.8,63,60,47.2,8,True
893,Zarude,Dark,Grass,600,105,62.2,40.8,70,95,51.3,8,True
893,Dada Zarude,Dark,Grass,600,105,62.2,40.8,70,95,51.3,8,True
894,Regieleki,Electric,,580,80,51.4,18.4,100,50,100.0,8,True
895,Regidrago,Dragon,,580,200,51.4,18.4,100,50,38.5,8,True
896,Glastrier,Ice,,580,100,75.7,51.0,65,110,12.8,8,True
897,Spectrier,Ghost,,580,100,32.4,22.4,145,80,64.1,8,True
898,Calyrex,Psychic,Grass,500,100,40.5,30.6,80,80,38.5,8,True
898,Ice Rider Calyrex,Psychic,Ice,680,100,86.5,59.2,85,130,23.1,8,True
898,Shadow Rider Calyrex,Psychic,Ghost,680,100,43.2,30.6,165,100,74.4,8,True
